-- --------------------------------------------------------
-- Host:                         127.0.0.1
-- Server version:               8.0.29 - MySQL Community Server - GPL
-- Server OS:                    Win64
-- HeidiSQL Version:             12.1.0.6537
-- --------------------------------------------------------

/*!40101 SET @OLD_CHARACTER_SET_CLIENT=@@CHARACTER_SET_CLIENT */;
/*!40101 SET NAMES utf8 */;
/*!50503 SET NAMES utf8mb4 */;
/*!40103 SET @OLD_TIME_ZONE=@@TIME_ZONE */;
/*!40103 SET TIME_ZONE='+00:00' */;
/*!40014 SET @OLD_FOREIGN_KEY_CHECKS=@@FOREIGN_KEY_CHECKS, FOREIGN_KEY_CHECKS=0 */;
/*!40101 SET @OLD_SQL_MODE=@@SQL_MODE, SQL_MODE='NO_AUTO_VALUE_ON_ZERO' */;
/*!40111 SET @OLD_SQL_NOTES=@@SQL_NOTES, SQL_NOTES=0 */;


-- Dumping database structure for fishing_tackle
CREATE DATABASE IF NOT EXISTS `fishing_tackle` /*!40100 DEFAULT CHARACTER SET utf8mb4 COLLATE utf8mb4_general_ci */ /*!80016 DEFAULT ENCRYPTION='N' */;
USE `fishing_tackle`;

-- Dumping structure for table fishing_tackle.admins
CREATE TABLE IF NOT EXISTS `admins` (
  `id` int NOT NULL AUTO_INCREMENT,
  `avatar` varchar(50) NOT NULL,
  `name` varchar(100) NOT NULL,
  `date_of_birth` timestamp NOT NULL,
  `gender` tinyint NOT NULL,
  `phone_number` char(20) NOT NULL,
  `address` varchar(200) NOT NULL,
  `started_working_at` timestamp NOT NULL,
  `working_time_a_day` int NOT NULL,
  `email` varchar(100) NOT NULL,
  `password` varchar(200) NOT NULL,
  `position_id` int NOT NULL,
  `token` varchar(200) DEFAULT NULL,
  PRIMARY KEY (`id`),
  UNIQUE KEY `email` (`email`),
  UNIQUE KEY `phone_number` (`phone_number`),
  UNIQUE KEY `avatar` (`avatar`),
  KEY `FK_admins_positions` (`position_id`),
  CONSTRAINT `FK_admins_positions` FOREIGN KEY (`position_id`) REFERENCES `positions` (`id`)
) ENGINE=InnoDB AUTO_INCREMENT=5 DEFAULT CHARSET=utf8mb4 COLLATE=utf8mb4_0900_ai_ci;

-- Dumping data for table fishing_tackle.admins: ~2 rows (approximately)
DELETE FROM `admins`;
INSERT INTO `admins` (`id`, `avatar`, `name`, `date_of_birth`, `gender`, `phone_number`, `address`, `started_working_at`, `working_time_a_day`, `email`, `password`, `position_id`, `token`) VALUES
	(1, '1666106674.png', 'Viet Huy', '2022-01-19 17:00:00', 1, '09132131321', 'HN', '2022-12-21 17:00:00', 8, 'admin@gmail.com', 'admin', 4, 'admin_634fb8efd4c4d8.526395771666169071'),
	(4, '1666105363.png', 'Nguyen Huy', '2022-01-29 17:00:00', 0, '43124312421', 'HCM', '2022-01-29 17:00:00', 123, 'techlead@gmail.com', 'techlead', 6, 'admin_634eadd038da60.386912271666100688');

-- Dumping structure for table fishing_tackle.colors
CREATE TABLE IF NOT EXISTS `colors` (
  `id` int NOT NULL,
  `image` varchar(50) NOT NULL,
  `name` varchar(100) NOT NULL,
  PRIMARY KEY (`id`),
  UNIQUE KEY `name` (`name`),
  UNIQUE KEY `image` (`image`)
) ENGINE=InnoDB DEFAULT CHARSET=utf8mb4 COLLATE=utf8mb4_0900_ai_ci;

-- Dumping data for table fishing_tackle.colors: ~128 rows (approximately)
DELETE FROM `colors`;
INSERT INTO `colors` (`id`, `image`, `name`) VALUES
	(1, '16653915770.png', 'test2'),
	(2, '1664098514.png', 'test123'),
	(3, '1664098839.png', 'tset2r32'),
	(4, '1664099086.png', 'rew'),
	(5, '1664099450.png', 'ntest1'),
	(6, '1664099485.png', 'nmtest1'),
	(7, '1664099755.png', 'test123123'),
	(8, '1664099798.png', 'tesfwefwa'),
	(9, '1664099920.png', 'jflsdaj123'),
	(10, '1664100754.png', 'file_thu_1'),
	(11, '1664100813.png', 'file_thu_2'),
	(12, '1664101137.png', 'file_1'),
	(13, '1664101171.png', 'file_2'),
	(16, '1664101434.png', 'file_3'),
	(17, '1664111813.png', '1test'),
	(19, '1664111849.png', '2test'),
	(22, '1664112010.png', '3test'),
	(23, '166411250023.png', 'test01'),
	(24, '166411250024.png', 'test02'),
	(25, '166411250025.png', 'test03'),
	(26, '166411485226.png', 'C01'),
	(27, '166411485227.png', 'C02'),
	(28, '166411485228.png', 'C03'),
	(29, '166411485229.png', 'C04'),
	(30, '166411485230.png', 'C05'),
	(31, '166411638231.png', 'fsajdlk'),
	(32, '166411638232.png', 'fsdafa'),
	(33, '166411638233.png', 'rewqrq'),
	(34, '166411662634.png', 'tr'),
	(35, '166411667035.png', 'qwer'),
	(36, '166411672736.png', 'afdsgsaf'),
	(37, '166411738537.png', 'test0101'),
	(38, '166411752738.png', 'test0001'),
	(39, '166411752739.png', 'test0002'),
	(40, '166412040240.png', 'COLOR0101'),
	(41, '166412040241.png', 'COLOR0102'),
	(42, '166412052542.png', 'COLOR00010'),
	(43, '166412052543.png', 'COLOR00012'),
	(44, '166412060444.png', 'fasfsafwer'),
	(45, '166412060445.png', 'fdsafsawe'),
	(46, '166412070046.png', 'fdsafsafsa2342'),
	(47, '166412070047.png', 'fdsafsafsa2342423'),
	(48, '166412109748.png', 'fdsfsdawer2123'),
	(49, '166412109749.png', 'fdsfsdawer23214'),
	(50, '166412117050.png', 'fwqr242'),
	(51, '166412173351.png', 'jfadlskerw'),
	(52, '166412173352.png', 'jfadlskerw11'),
	(53, '166414798453.png', 'fdsafwr11'),
	(54, '166414798454.png', 'fdsafwr112'),
	(55, '166414848855.png', 'fsawr234432'),
	(56, '166414848856.png', 'fsawr234'),
	(57, '166414917157.png', 'fagagw1'),
	(58, '166414917158.png', 'fagagw2'),
	(59, '166414917159.png', 'fagagw3'),
	(60, '166414917160.png', 'fagagw4'),
	(61, '166414917161.png', 'fagagw5'),
	(62, '166414970262.png', 'product32091'),
	(63, '166414970263.png', 'product32092'),
	(64, '166414970264.png', 'product32093'),
	(65, '166414970265.png', 'product32094'),
	(66, '166414970266.png', 'product3209r32'),
	(67, '166414993767.png', 'frt4wr2'),
	(68, '166414993768.png', 'frt4wr23'),
	(69, '166414993769.png', 'frt4wr24'),
	(70, '166414993770.png', 'frt4wr25'),
	(71, '166414993771.png', 'frt4wr26'),
	(72, '166415055672.png', 'fdsaf2r243'),
	(73, '166415055673.png', 'fdsaf2r2432'),
	(74, '166415070574.png', 'test010190'),
	(75, '166415070575.png', 'test0101902'),
	(76, '166415070576.png', 'test0101903'),
	(77, '166415070577.png', 'test0101904'),
	(78, '166415070578.png', 'test0101905'),
	(80, '16641652350.png', 'huyviet2131'),
	(81, '16641826990.png', 'fsafsa'),
	(82, '16642493820.png', 'fdsaf234242'),
	(84, '16647568550.png', 'fsad32vdsa1'),
	(85, '16647568551.png', 'fsad32vdsa2'),
	(86, '16647568552.png', 'fsad32vdsa3'),
	(87, '16647570350.png', 'v4rwrewr1'),
	(88, '16647570351.png', 'v4rwrewr2'),
	(89, '16647570690.png', 'fdassfdaw1'),
	(90, '16647570691.png', 'fdassfdaw2'),
	(91, '16647577170.png', 'fdas32421dsa1'),
	(92, '16647577171.png', 'fdas32421dsa2'),
	(93, '16647579090.png', 'fsah23432fdsa1'),
	(94, '16647579091.png', 'fsah23432fdsa2'),
	(95, '16647579092.png', 'fsah23432fdsa3'),
	(96, '16647579093.png', 'fsah23432fdsa4'),
	(97, '16647579094.png', 'fsah23432fdsa5'),
	(98, '16648933530.png', 'fdsafdsa4324321'),
	(99, '16649247950.png', 'afterupdate1'),
	(100, '16649249560.png', 'afterupdate2'),
	(101, '16649249561.png', 'afterupdate3'),
	(102, '16649249562.png', 'afterupdate4'),
	(103, '16649249563.png', 'afterupdate5'),
	(104, '16649257610.png', 'insert2'),
	(105, '16649258650.png', 'insert1'),
	(106, '16649259370.png', 'inserttest1'),
	(107, '16649259371.png', 'inserttest2'),
	(108, '16649261880.png', 'test4332421'),
	(109, '16649261881.png', 'test43324212'),
	(110, '16649273220.png', 'inserted1'),
	(111, '16649273221.png', 'inserted2'),
	(112, '16649285050.png', 'noduplicate3'),
	(113, '16649285051.png', 'noduplicate4'),
	(114, '16649285900.png', 'noduplicate1'),
	(115, '16649285901.png', 'noduplicate2'),
	(116, '16649289140.png', 'noduplicate991'),
	(117, '16649290470.png', 'noduplicate992'),
	(118, '16649290471.png', 'noduplicate993'),
	(119, '16649299530.png', 'noduplicate9999111'),
	(120, '16649299531.png', 'noduplicate999922'),
	(121, '16649302300.png', 'testcase1'),
	(122, '16649301621.png', 'testcase2'),
	(123, '16649313310.png', 'testcase123'),
	(124, '16649314090.png', 'abcxyz1'),
	(125, '16649314091.png', 'abcxyz2'),
	(126, '16649320240.png', 'updatetest1'),
	(127, '16649320241.png', 'updatetest2'),
	(128, '16649440340.png', 'testc1'),
	(129, '16649440341.png', 'testc2'),
	(130, '16649440700.png', 'jflkdas1'),
	(131, '16654553550.png', 'Riverside teal'),
	(132, '16654553551.png', 'Sundown brown'),
	(133, '16654553552.png', 'Rust and cream'),
	(134, '16654567540.png', 'Vintage plaid'),
	(135, '16654567541.png', 'American frontier');

-- Dumping structure for table fishing_tackle.customers
CREATE TABLE IF NOT EXISTS `customers` (
  `id` int NOT NULL AUTO_INCREMENT,
  `avatar` varchar(50) CHARACTER SET utf8mb4 COLLATE utf8mb4_0900_ai_ci DEFAULT NULL,
  `email` varchar(100) NOT NULL,
  `password` varchar(200) NOT NULL,
  `name` varchar(100) NOT NULL,
  `date_of_birth` timestamp NOT NULL,
  `gender` tinyint NOT NULL,
  `address` varchar(200) NOT NULL,
  `phone_number` char(20) NOT NULL,
  `token` varchar(200) DEFAULT NULL,
  PRIMARY KEY (`id`),
  UNIQUE KEY `email` (`email`),
  UNIQUE KEY `avatar` (`avatar`)
) ENGINE=InnoDB AUTO_INCREMENT=5 DEFAULT CHARSET=utf8mb4 COLLATE=utf8mb4_0900_ai_ci;

-- Dumping data for table fishing_tackle.customers: ~2 rows (approximately)
DELETE FROM `customers`;
INSERT INTO `customers` (`id`, `avatar`, `email`, `password`, `name`, `date_of_birth`, `gender`, `address`, `phone_number`, `token`) VALUES
	(1, '1666105212.png', 'user@gmail.com', 'user123', 'Huy Viet', '1995-01-16 17:00:00', 1, 'HN', '01234567890', 'user_634eadfe15ddb6.859480951666100734'),
	(3, '1666101265.png', 'user2@gmail.com', 'user2', 'Long', '2022-09-27 17:00:00', 0, 'HCM', '432432432', 'user_634e54f687b032.427002031666077942');

-- Dumping structure for table fishing_tackle.forgot_password
CREATE TABLE IF NOT EXISTS `forgot_password` (
  `customer_id` int NOT NULL,
  `token` varchar(255) COLLATE utf8mb4_general_ci DEFAULT NULL,
  `created_at` timestamp NULL DEFAULT CURRENT_TIMESTAMP,
  PRIMARY KEY (`customer_id`),
  UNIQUE KEY `token` (`token`)
) ENGINE=InnoDB DEFAULT CHARSET=utf8mb4 COLLATE=utf8mb4_general_ci;

-- Dumping data for table fishing_tackle.forgot_password: ~0 rows (approximately)
DELETE FROM `forgot_password`;

-- Dumping structure for table fishing_tackle.manufacturers
CREATE TABLE IF NOT EXISTS `manufacturers` (
  `id` int NOT NULL AUTO_INCREMENT,
  `name` varchar(100) NOT NULL,
  `image` varchar(50) NOT NULL,
  `description` text NOT NULL,
  `phone_number` char(20) NOT NULL,
  `address` varchar(200) NOT NULL,
  `email` varchar(100) NOT NULL,
  PRIMARY KEY (`id`),
  UNIQUE KEY `email` (`email`),
  UNIQUE KEY `name` (`name`),
  UNIQUE KEY `image` (`image`)
) ENGINE=InnoDB AUTO_INCREMENT=37 DEFAULT CHARSET=utf8mb4 COLLATE=utf8mb4_0900_ai_ci;

-- Dumping data for table fishing_tackle.manufacturers: ~6 rows (approximately)
DELETE FROM `manufacturers`;
INSERT INTO `manufacturers` (`id`, `name`, `image`, `description`, `phone_number`, `address`, `email`) VALUES
	(31, 'Midwest Living', '1663639506.jpg', 'Midwest Living magazine celebrates Midwest travel, food, life and home + garden. Life\'s Richer Here.', '912345698', 'Des Moines, Iowa', 'MidwestLiving@gmail.com'),
	(32, 'BuzzFeed', '1663639513.png', 'BuzzFeed, Inc. is home to the best of the Internet. Across food, news, pop culture and commerce, our brands drive conversation and inspire what audiences watch, read, buy, and obsess over next. Born on the Internet in 2006, BuzzFeed, Inc. is committed to making it better: providing trusted, quality, brand-safe news and entertainment to hundreds of millions of people; making content on the Internet more inclusive, empathetic, and creative; and inspiring our audience to live better lives.', '4825990597', 'Los Angeles', 'BuzzFeed@gmail.com'),
	(33, 'athleteReg', '1663639522.png', 'AthleteReg supports a wide variety of athletic events throughout the U.S. and Canada—including cycling, running, skiing, and triathlon. Our online event management and registration platforms are backed by knowledgeable industry professionals dedicated to helping make your next event a success.', '4776593601', 'Chicago', 'athleteReg@gmail.com'),
	(34, 'FinisherPix', '1663639529.png', 'FinisherPix is the fastest growing, most experienced, innovative and passionate full-service event photography company in the world.', '8900761761', 'Phoenix', 'FinisherPix@gmail.com'),
	(35, 'NASTAR', '1663639541.jpg', 'NASTAR stands for NAtional STAndard Race and is the largest public grassroots ski racing program in the world. Founded in 1968, NASTAR gives recreational racers an opportunity to compete and compare their scores to friends and family regardless of when and where they race using the NASTAR handicap system.', '7026985010', 'San Diego', 'NASTAR@gmail.com'),
	(36, 'BETA', '1663639549.png', 'BETA supports a wide variety of athletic events throughout the U.S. and Canada—including cycling, running, skiing, and triathlon. Our online event management and registration platforms are backed by knowledgeable industry professionals dedicated to helping make your next event a success.', '547408304', 'Las Vegas', 'BETA@gmail.com');

-- Dumping structure for table fishing_tackle.options
CREATE TABLE IF NOT EXISTS `options` (
  `id` int NOT NULL,
  `image` varchar(50) NOT NULL,
  `name` varchar(100) NOT NULL,
  PRIMARY KEY (`id`),
  UNIQUE KEY `image` (`image`),
  UNIQUE KEY `name` (`name`)
) ENGINE=InnoDB DEFAULT CHARSET=utf8mb4 COLLATE=utf8mb4_0900_ai_ci;

-- Dumping data for table fishing_tackle.options: ~75 rows (approximately)
DELETE FROM `options`;
INSERT INTO `options` (`id`, `image`, `name`) VALUES
	(1, '1664098315.png', 'tset1'),
	(2, '1664098514.png', 'test2432'),
	(3, '16641148523.png', 'O01'),
	(4, '16641148524.png', 'O02'),
	(5, '16641148525.png', 'O03'),
	(6, '16641148526.png', 'O04'),
	(7, '16641148527.png', 'O05'),
	(8, '16641166708.png', 'srdyg'),
	(9, '16641167279.png', 'afdsgsaf'),
	(10, '166411688210.png', 'asfdhgkl'),
	(12, '166411752712.png', 'test0002'),
	(13, '166414798413.png', 'fdsafwr11'),
	(14, '166414917114.png', 'fagagw1'),
	(15, '166414917115.png', 'fagagw2'),
	(16, '166414917116.png', 'fagagw3'),
	(17, '166414917117.png', 'fagagw4'),
	(18, '166414917118.png', 'fagagw5'),
	(19, '166414970219.png', 'product3209'),
	(20, '166414970220.png', 'product32092'),
	(21, '166414970221.png', 'product32093'),
	(22, '166414970222.png', 'product32094'),
	(23, '166414970223.png', 'product32095'),
	(24, '166414993724.png', 'frt4wr2'),
	(25, '166414993725.png', 'frt4wr22'),
	(26, '166414993726.png', 'frt4wr23'),
	(27, '166414993727.png', 'frt4wr24'),
	(28, '166414993728.png', 'frt4wr5'),
	(29, '166415055629.png', 'fdsaf2r243'),
	(30, '166415055630.png', 'fdsaf2r2433'),
	(31, '166415070631.png', 'test010190'),
	(32, '166415070632.png', 'test0101902'),
	(33, '166415070633.png', 'test0101903'),
	(34, '166415070634.png', 'test0101904'),
	(35, '166415070635.png', 'test0101905'),
	(37, '16641584980.png', 'fjdasl234test'),
	(38, '16641584981.png', 'fjdasl234test2'),
	(39, '16641652350.png', 'huyviet2131'),
	(40, '16641841730.png', 'fas243223'),
	(41, '16647577170.png', 'fdas32421dsa1'),
	(42, '16647577171.png', 'fdas32421dsa2'),
	(43, '16647579100.png', 'fsah23432fdsa1'),
	(44, '16647579101.png', 'fsah23432fdsa2'),
	(45, '16647579102.png', 'fsah23432fdsa3'),
	(46, '16647579103.png', 'fsah23432fdsa4'),
	(47, '16647579104.png', 'fsah23432fdsa5'),
	(48, '16649306340.png', 'testcase1'),
	(49, '16649301621.png', 'testcase2'),
	(50, '16649314090.png', 'abcxyz1'),
	(51, '16649314091.png', 'abcxyz2'),
	(52, '16649320240.png', 'updatetest1'),
	(53, '16649320241.png', 'updatetest2'),
	(54, '16649557640.png', 'optiontest1'),
	(55, '16649557641.png', 'optiontest2'),
	(56, '16649557642.png', 'optiontest3'),
	(57, '16649557643.png', 'optiontest4'),
	(58, '16649557644.png', 'optiontest5'),
	(59, '16653871710.png', 'Knife and stone gift set'),
	(60, '16653871711.png', 'One fingerling fish knife'),
	(61, '16653875600.png', 'One stone'),
	(62, '16653890560.png', 'One stone $12'),
	(63, '16654551150.png', 'Arrowhead canoe logo'),
	(64, '16654551151.png', 'Mollyjogger logo'),
	(65, '16654555120.png', 'Stag 2pk (Rectangular)'),
	(66, '16654555121.png', 'Stag (rectangular) + hideaway (triangular) set'),
	(67, '16654556050.png', '2 Pack $8.50'),
	(68, '16654557170.png', '$10 Kool kan'),
	(69, '16654557171.png', '$18.90 Set of two'),
	(70, '16654557900.png', 'Lindenlure canoe paddle'),
	(71, '16654558480.png', 'Riverdale canoe paddle'),
	(72, '16654568980.png', 'Ironquill stone'),
	(73, '16654568981.png', 'Ironquill stone + 3 OZ bottle honing oil'),
	(74, '16654571480.png', '1 Journal'),
	(75, '16654572430.png', 'One bandana'),
	(76, '16654573330.png', 'One bar $14'),
	(77, '16654573331.png', 'One bar + Washcloth soap bag $18');

-- Dumping structure for table fishing_tackle.orders
CREATE TABLE IF NOT EXISTS `orders` (
  `id` int NOT NULL,
  `created_at` timestamp NOT NULL DEFAULT CURRENT_TIMESTAMP,
  `receiver_name` varchar(100) CHARACTER SET utf8mb4 COLLATE utf8mb4_0900_ai_ci NOT NULL,
  `receiver_address` varchar(200) CHARACTER SET utf8mb4 COLLATE utf8mb4_0900_ai_ci NOT NULL,
  `receiver_phone` char(20) CHARACTER SET utf8mb4 COLLATE utf8mb4_0900_ai_ci NOT NULL,
  `total_payment` float NOT NULL,
  `status` int NOT NULL,
  `customer_id` int NOT NULL,
  PRIMARY KEY (`id`),
  KEY `FK_orders_customers` (`customer_id`),
  CONSTRAINT `FK_orders_customers` FOREIGN KEY (`customer_id`) REFERENCES `customers` (`id`)
) ENGINE=InnoDB DEFAULT CHARSET=utf8mb4 COLLATE=utf8mb4_0900_ai_ci;

-- Dumping data for table fishing_tackle.orders: ~5 rows (approximately)
DELETE FROM `orders`;
INSERT INTO `orders` (`id`, `created_at`, `receiver_name`, `receiver_address`, `receiver_phone`, `total_payment`, `status`, `customer_id`) VALUES
	(1, '2022-10-18 01:47:44', 'Huy Viet', 'HN', '01234567890', 234, 1, 1),
	(2, '2022-10-18 02:00:19', 'Huy Viet', 'HN', '01234567890', 781.2, 0, 1),
	(3, '2022-10-18 02:26:01', 'Huy Viet', 'HN', '01234567890', 49.5, 1, 1),
	(4, '2022-10-18 14:39:33', 'Huy Viet', 'HN', '01234567890', 345.8, 0, 1),
	(5, '2022-10-18 14:40:39', 'Huy Viet', 'HN', '01234567890', 193.95, 0, 1);

-- Dumping structure for table fishing_tackle.orders_products
CREATE TABLE IF NOT EXISTS `orders_products` (
  `order_id` int NOT NULL,
  `product_id` int NOT NULL,
  `quantity` int NOT NULL,
  PRIMARY KEY (`order_id`,`product_id`),
  CONSTRAINT `FK_orders_products_orders` FOREIGN KEY (`order_id`) REFERENCES `orders` (`id`)
) ENGINE=InnoDB DEFAULT CHARSET=utf8mb4 COLLATE=utf8mb4_0900_ai_ci;

-- Dumping data for table fishing_tackle.orders_products: ~13 rows (approximately)
DELETE FROM `orders_products`;
INSERT INTO `orders_products` (`order_id`, `product_id`, `quantity`) VALUES
	(1, 83, 4),
	(1, 102, 3),
	(2, 83, 13),
	(2, 85, 6),
	(3, 83, 1),
	(4, 83, 3),
	(4, 85, 4),
	(4, 87, 3),
	(4, 93, 1),
	(4, 107, 2),
	(5, 83, 2),
	(5, 85, 1),
	(5, 86, 6);

-- Dumping structure for table fishing_tackle.positions
CREATE TABLE IF NOT EXISTS `positions` (
  `id` int NOT NULL AUTO_INCREMENT,
  `name` varchar(100) NOT NULL,
  `salary` double NOT NULL DEFAULT '0',
  `level` int NOT NULL,
  PRIMARY KEY (`id`),
  UNIQUE KEY `name` (`name`)
) ENGINE=InnoDB AUTO_INCREMENT=9 DEFAULT CHARSET=utf8mb4 COLLATE=utf8mb4_0900_ai_ci;

-- Dumping data for table fishing_tackle.positions: ~6 rows (approximately)
DELETE FROM `positions`;
INSERT INTO `positions` (`id`, `name`, `salary`, `level`) VALUES
	(3, 'Frontend developer', 1200, 1),
	(4, 'Backend developer', 1200, 1),
	(5, 'Sale agent', 500, 1),
	(6, 'Human resources manager', 2500, 2),
	(7, 'Customer care staff', 500, 1),
	(8, 'Tech leader', 5000, 2);

-- Dumping structure for table fishing_tackle.products
CREATE TABLE IF NOT EXISTS `products` (
  `id` int NOT NULL,
  `image` varchar(50) NOT NULL,
  `name` varchar(100) NOT NULL,
  `description` text NOT NULL,
  `created_at` timestamp NOT NULL DEFAULT CURRENT_TIMESTAMP,
  `manufacturer_id` int NOT NULL,
  PRIMARY KEY (`id`),
  UNIQUE KEY `name` (`name`),
  UNIQUE KEY `main_image` (`image`),
  KEY `FK_products_manufacturers` (`manufacturer_id`),
  CONSTRAINT `FK_products_manufacturers` FOREIGN KEY (`manufacturer_id`) REFERENCES `manufacturers` (`id`)
) ENGINE=InnoDB DEFAULT CHARSET=utf8mb4 COLLATE=utf8mb4_0900_ai_ci;

-- Dumping data for table fishing_tackle.products: ~25 rows (approximately)
DELETE FROM `products`;
INSERT INTO `products` (`id`, `image`, `name`, `description`, `created_at`, `manufacturer_id`) VALUES
	(83, '1665377222.png', 'Scrimshaw knife kit', 'Scrimshaw is an early American art form originating from the whaling industry in the late 1700’s. During the many idle hours at sea, a whaler etched drawings of nautical themes on items that were readily available to him such as sperm whale teeth and bones. His primary etching instrument was a sail needle, nail or pocket knife. After he scratched his art work into the surface of the bone, he would rub lamp black or tobacco juice into the scratch to reveal the drawing. As America traveled west, the frontiersmen carried the art form with them, applying it to their powder-horns, knives and other accoutrements.   Checkout the examples from our customers\r\n\r\nYou can experience this art form too as you scrimshaw the images of a hunt, big catch or simply the family name on your very own bone-handled pocket knife. This kit includes all you\'ll need to complete the project and is a perfect starter introduction into scrimshaw.\r\n\r\nChoose from knife style:  Trapper (4 1/8” closed) or Lock-back (3 5/8” closed).\r\n\r\nKit Includes:\r\n\r\nOne Natural Bone Handled Pocket Knife (Imported)\r\nSteel-point Scribe\r\nHoning Stone NEW\r\n1/2 Dram India Ink\r\nTracing Tool\r\nTransfer Paper\r\nFine Steel Wool\r\nInk Applicators\r\nStep by Step Instructions and sample graphics\r\nFor ages 16 & up.  Kits are assembled in the USA.\r\n\r\n ⚠WARNING: Cancer and Reproductive Harm - www.P65Warnings.ca.gov', '2022-10-10 04:47:02', 31),
	(84, '1665379065.png', 'Bear & son knife + scrimshaw kit', 'From the days of whale hunts to the American frontier, our Scrimshaw Knife Kit takes you back in time to when men scribed story telling images into whale teeth and buffalo bone.  This kit includes a US made Bear&Son™ knife, step-by-step instructions, and everything else you need to learn and apply the forgotten art form.  Whether you choose a classic sporting scene, phrase, or your initials, no other knife will be quite like yours. Checkout the examples from our customers\r\n\r\nChoose from the Bear&Son™ Lock-Back (3½” closed) or Barlow (3½” closed).  440 stainless steel drop point blades. Smooth natural bone handles with nickel bolsters.  Made in the USA.\r\n\r\nKit Includes:\r\n\r\nSteel-point Scribe\r\n1/2 Dram India Ink\r\nTracing Tool\r\nTransfer Paper\r\nFine Steel Wool\r\nInk Applicators\r\nNatural Practice Material NEW\r\nHoning Stone NEW\r\nSpecialty Multi-Surface Pencil\r\nStep by Step Instructions and Sample Graphics\r\nRecommended for ages 16 & up.\r\n\r\n⚠WARNING: Cancer and Reproductive Harm - www.P65Warnings.ca.gov', '2022-10-10 05:17:45', 32),
	(85, '1665387171.png', 'Fingerling fish knife', 'Contributing to the avid search for the fighters of the fresh water streams are several state and federal hatcheries, as well as lakes maintained by such organizations as the Izaak Walton League. The hatcheries themselves offer a particularly interesting sight, whetting the angler’s appetite for this truly American sport.\r\n\r\nJuvenile fish, called fingerlings, are typically about the size of fingers.\r\n\r\nBoxed sculpted chrome handled knife - 3" closed. 2" stainless blade. \r\n\r\nMade by a 200 year old cutlery.  Imported.\r\n\r\nFingerling Fish Knife ™', '2022-10-10 07:32:51', 33),
	(86, '1665389056.png', 'Hook & knife sharpening stone', 'Last season the late John B. Clemmens, with three friends, landed at Slabtown, on the Big Piney, and when Mr. Clemmens jointed his rod, he said, “Now, boys, when we catch 1,000 bass we will quit.”  At 3 o’clock of the fifth day Clemmens landed the thousandth bass, put up his tackle and went to camp.  This is no fish story, but the truth, pure and simple.\r\n\r\nNovaculite is a type of stone that can only be found in North America.  The novacula stone formation in the Ouachitas of Central Arkansas is geologically considered, without a doubt, to be the purest and finest quality.  Its extremely high-purity silica content exceeds 99 percent. \r\n \r\nApproximately 3" x 1¼" x 1/4”, Soft Arkansas Novaculite stone specially grooved to keep your fishing hooks sharper than new.  Instructions included.  Made in the U.S.A.', '2022-10-10 08:04:16', 35),
	(87, '1665453011.png', 'Etched oak knife', 'The Ozark hillsides are dotted with thrifty orchards and vineyards, the Missouri section being particularly noted for their apples and wines.  The divides are well adapted to grazing and general farming. Growing towns and villages line the railroads, and a prosperous agricultural community, noted for true Southern hospitality, inhabits the contiguous territory.  Circa 1900\r\n\r\nOpinel No.8 folder - a simple working man\'s knife.\r\n\r\nSandvik stainless steel clip blade\r\nVarnished oak handle with engraved artwork\r\nSafety ring for locking the blade\r\nMade in France\r\nKnives sold individually.  Choose from Trout, Pointer, and Stag.', '2022-10-11 01:50:11', 34),
	(88, '1665454379.png', 'Legendary Mccloud T-Shirt', '"There is little doubt that the countryside in Stone County, Missouri, especially in the vicinity of the small town of Crane, is a wonderful example of beautiful Ozark scenery. The fact that a crystal clear, spring-fed creek flows through nearly 23 miles of this countryside is also indisputable. Whether this little gem of a stream is one of last bastions of the fabled McCloud River Redband trout is a subject that has been debated by experts and anglers for many years."  Keith Oxby\r\n\r\nOriginal watercolor painting by artist, author and angler Steven Weinberg.\r\n\r\nPremium, regular fit, mid-weight t-shirt\r\n100% combed organic cotton\r\nQuality cotton grown without the use of herbicides or pesticides - GOTS certified\r\nSoft touch water based printed in the USA', '2022-10-11 02:12:59', 36),
	(89, '1665454644.png', 'River Hound T-Shirt', '"The more I learn about people, the more I like my dog."  Mark Twain\r\n\r\nClassic paddler and loyal hound silhouette print on a premium river blue tee.  Design by long-time Mollyjogger friend and self-described hillbilly, Bryce Parker Harrison.\r\n\r\nRegular fit, mid-weight t-shirt\r\n100% combed cotton \r\nPreshrunk to minimize shrinkage\r\nSoft touch discharge printed in the USA', '2022-10-11 02:17:24', 31),
	(90, '1665454699.png', 'Arrowhead canoe T-Shirt', '"The patented eighteen-inch hardwood Arrowhead deck --- finely mortised in, makes this the strongest and most rigid canoe ever built.  You cannot buy a canoe that will afford greater satisfaction."\r\n\r\nThe St. Louis Meramec Canoe Company was founded by Alfred Wickett in 1922.  Wickett had previously worked for the Old Town Canoe Co from 1900 to 1914.  Manufacturing of the classic wooden canoes in Valley Park, Missouri ceased in 1978.\r\n\r\nRegular fit, mid-weight t-shirt\r\nNatural color, 100% premium combed organic cotton\r\nQuality cotton grown without the use of herbicides or pesticides - GOTS certified\r\nSoft touch water based printed in the USA', '2022-10-11 02:18:19', 32),
	(91, '1665454791.png', 'CCC Legacy Bandana', 'In one of our Nation’s most difficult periods, a group of men whose numbers ranked over three million left their homes and began an adventure across our great land. They were poor, mostly uneducated and many were hungry. Yet, what they didn’t lack was a capacity for hard work. These men re-shaped the landscape of our country. By planting nearly three billion trees, reducing a growing soil erosion problem and building structures in our state and national parks, they would allow Americans to enjoy our country’s natural resources for generations to come. They were the men of the Civilian Conservation Corps.\r\n\r\nA portion of the proceeds from the sale of this item benefits the National CCC Worker Statue Program - honoring those who served in the CCC.  Visit CCCLegacy.org for more information.\r\n\r\n100% Cotton bandana, 24" x 24".  Designed in the Ozarks.', '2022-10-11 02:19:51', 31),
	(92, '1665454862.png', 'CCC Oxford Pennant', 'In one of our Nation’s most difficult periods, a group of men whose numbers ranked over three million left their homes and began an adventure across our great land. They were poor, mostly uneducated and many were hungry. Yet, what they didn’t lack was a capacity for hard work. These men re-shaped the landscape of our country. By planting nearly three billion trees, reducing a growing soil erosion problem and building structures in our state and national parks, they would allow Americans to enjoy our country’s natural resources for generations to come. They were the men of the Civilian Conservation Corps.\r\n\r\nA Mollyjogger exclusive 9" x 27" Oxford Pennant - Made in the USA', '2022-10-11 02:21:02', 33),
	(93, '1665454910.png', 'CCC stickers', 'Celebrating one of the most successful government led conservation programs in US history.  Nearly three billion trees planted.\r\n\r\nFive, die cut stickers on a 4" x 6" sheet.  Outdoor rated. \r\n\r\nMade in the USA.', '2022-10-11 02:21:50', 34),
	(94, '1665455115.png', 'Canvas field bag', 'Simple rugged cotton canvas field bag built to last, 1,890 uses. Easily pack gear, clothing, sleeping bag, outerwear and more.\r\n\r\nDimensions: 24” x 32"\r\n12 oz. canvas, 100% cotton. \r\nLarge attached loop for hanging\r\nDouble draw cord closure with brass grommets\r\nChoose from Mollyjogger Sporting Logo or Classic Arrowhead Canoe.  Imported.', '2022-10-11 02:25:15', 34),
	(95, '1665455355.png', 'Riverside chair', 'Exclusive folding camp chair crafted with choice, kiln-dried white ash wood and backed with durable weather-resistant striped canvas. Clever nesting design, assembles and disassembles in seconds, making it easy to store and pack for all of your outdoor excursions.  Fabric stripe placement may vary for each chair due to the canvas pattern.\r\n\r\nDurable nylon adjustable carrying strap\r\nDimensions 16"w x 24"d x 29"h\r\nSupports up to 300 lbs\r\nChair weight - 9 lbs\r\nBrass embossed logo badge\r\nMade in the USA\r\n* Eligible for FREE SHIPPING', '2022-10-11 02:29:15', 35),
	(96, '1665455512.png', 'Stag safety matches', 'Classic Stag strike-on-box matches.  4" long, orange-tipped, 60 count. \r\n\r\nHideaway triangular strike-on-box matches.  4" long, orange-tipped, 40 count. \r\n\r\nAvailable as 2 packs.  Imported. \r\n\r\n* Due to restrictions, this item is only available for ground shipping within the contiguous United States.', '2022-10-11 02:31:52', 36),
	(97, '1665455605.png', 'Safety matches', 'Away from home, under the stars, by the stream, at the camp – this is where we truly come alive. This is who we really are and how we want to be remembered. Never committing the sin of not enjoying ourselves. A spirit born in a place somewhere in the Ozarks and carried in the wilds throughout these United States and beyond, where we all become the Mollyjoggers.\r\n\r\n60 count, 4" long Safety Matches boxed.\r\n\r\n*This item is only available for ground shipping within the contiguous United States.', '2022-10-11 02:33:25', 31),
	(98, '1665455716.png', 'Mollyjogger kool kan', 'Premium long lasting beverage bottle or can insulator that has no equal. Made with superior insulating qualities and design.  Ozark National Scenic Riverways and Buffalo National River tested.\r\nFloats\r\nBlaze orange color\r\nClear easy-out liner \r\nDurable vinyl-coated, soft foam construction\r\n*Not to be confused with a USCG certified personal floatation device, but it will keep your beverage cold. \r\n\r\nMade in the USA', '2022-10-11 02:35:16', 32),
	(99, '1665455790.png', 'Lindenlure paddle', 'This product is made-to-order and ships in ~ 6 weeks.\r\nSince the late 1800’s, Lindenlure, Riverdale & Hootentown have been favorite Ozarks rendezvous for sportsmen and camping parties.  In the early days, these riverside settlements included bustling mills, general stores, rustic cabins, tan-yards, legal distilleries and an undisclosed number of illegal ones.   Favorite pastimes included picnicking, swimming, fishing and floating the scenic Finley and James rivers.  \r\n\r\nThe Lindenlure paddle, inspired by vintage striped canvas stools often used for fishing and camping.  Crafted and painted by hand, Sanborn\'s Canoeist Heritage Paddle, with an elegantly traditional blade shape, are graceful in and out of the water. They’re perfect for lazy turns around the lake or for gracing the wall of your cabin. Heirloom quality, each paddle is a laminated combination of western red cedar, aspen and black walnut, and finished with a durable varnish dip.   Made-to-order, please allow 6-8 weeks for delivery.\r\nSpecifications:\r\nLength: 58" \r\nAverage Weight: 20oz\r\nBlade Dimensions: 5in x 26in\r\nMade in the USA', '2022-10-11 02:36:30', 32),
	(100, '1665455848.png', 'Riverdale paddle', 'This product is made-to-order and ships in ~ 6 weeks.\r\nSince the late 1800’s, Lindenlure, Riverdale & Hootentown have been favorite Ozarks rendezvous for sportsmen and camping parties.  In the early days, these riverside settlements included bustling mills, general stores, rustic cabins, tan-yards, legal distilleries and an undisclosed number of illegal ones.   Favorite pastimes included picnicking, swimming, fishing and floating the scenic Finley and James rivers.  \r\n\r\nThe Riverdale paddle, inspired by vintage striped canvas stools often used for fishing and camping.  Crafted and painted by hand, Sanborn\'s Canoeist Heritage Paddle, with an elegantly traditional blade shape, are graceful in and out of the water. They’re perfect for lazy turns around the lake or for gracing the wall of your cabin. Heirloom quality, each paddle is a laminated combination of western red cedar, aspen and black walnut, and finished with a durable varnish dip.  Made-to-order, please allow 6-8 weeks for delivery.\r\nSpecifications:\r\nLength: 58" \r\nAverage Weight: 20oz\r\nBlade Dimensions: 5in x 26in\r\nMade in the USA', '2022-10-11 02:37:28', 33),
	(101, '1665456603.png', 'All-Weather journals', 'These top-spiral journals are designed to record critical information about your sporting experience. Remembering the details makes the difference between success and failure. The Fishing and Fly Fishing Journals give you the advantage by providing details about how best to fish your favorite body of water. Great for competitive fishing tournaments or casual weekends on the water.  Weather conditions, Barometric Pressure, Glassing Optics, Rut behavior, Firearm type and Boone and Crocket scoring are just a few of the details you can record in the Game Hunting Journal.  \r\n\r\nBright Polydura cover\r\nWater-resistant paper\r\n4" x 6", 50 two-sided pages\r\nWorks best with a pencil \r\nMade in the U.S.A.', '2022-10-11 02:50:03', 33),
	(102, '1665456754.png', 'Playing cards', '"There are few things that are so unpardonably neglected in our country as poker. The upper class knows very little about it. Now and then you find ambassadors who have sort of a general knowledge of the game, but the ignorance of the people is fearful. Why, I have known clergymen, good men, kind-hearted, liberal, sincere, and all that, who did not know the meaning of a \'flush\'.  It is enough to make one ashamed of one\'s species."  Mark Twain\r\n\r\nMasterfully printed by the US Playing Card Company on premium grade stock.  Made in the U.S.A.\r\n\r\nAmerican Frontier and Vintage Plaid sold separately.', '2022-10-11 02:52:34', 34),
	(103, '1665456898.png', 'Ironquill Axe Stone', 'Ironquill™ sharpening stone - For a Keen Edge. \r\n\r\nIdeal for sharpening axes, hatchets, machetes and garden tools. 220 grit, round aluminum oxide puck (2½" x 1¼") with finger groove for better handling. Lubricating honing oil recommended. Always sharpen against the cutting edge. Protective stow tin included.\r\n\r\nMade in the USA.', '2022-10-11 02:54:58', 35),
	(104, '1665457000.png', 'All-Weather paddle journal', 'Mollyjogger x Rite in the Rain™ Paddle Journal\r\n\r\n"With luck, the time when I can no longer wield a canoe paddle lies some years ahead.  Thus for many more seasons Ginnie and I hope to see the tiers of dogwood blossoms covering the Ozark hills like a May snow and to see the oaks flaming into color in October.  We hope to run our canoe down the wild water and drink from the crystal springs, to startle the osprey from his high aerie and the deer from among the lily pads.  On summer nights, we want to camp on the high, clean gravel bars and watch the reflected stars that seem to move upstream." - Life Along an Ozark River, Stars Upstream -- Leonard Hall 1958\r\n\r\nAll-weather, patented paper that sheds water\r\n4 ⅝" x 7" - 48 pages (24 entries)\r\nDurable Field Flex cover\r\nWorks best with a pencil\r\nMade in the U.S.A.', '2022-10-11 02:56:40', 36),
	(105, '1665457100.png', 'Territory leather journal', 'The cowboy of the big pastures is the sportsman’s best friend. Big, brawny, and good-natured, he is a companionable individual to mess with.  He is the man who knows things.  He can tell where the wild goose plumes his water-proof coat.  He will help build your blind, locate the turkey roosts, and find the deer runs.  --- Game in the Indian Territory 1890\r\n\r\nYou will appreciate the craftsmanship, appearance and feel of this fine keepsake journal.\r\n\r\nClassic 5” x 7” Brown Rugged Leather Journal with Tie. Approximately 250, natural white pages. Made in Italy', '2022-10-11 02:58:20', 31),
	(106, '1665457243.png', 'Feathered lure bandana', 'Match-the-Hatch and lure your prize. \r\n\r\nNicky Ovitt x Mollyjogger collaboration. \r\n\r\nClassic blue bandanña - 100% cotton.\r\n\r\n23" x 23" bandana, neckerchief, handkerchief.', '2022-10-11 03:00:43', 32),
	(107, '1665457333.png', 'Hunting camp soap', 'Inspired by men of the hunt. The custom-recipe Portland General Store soap mixes grit with luxury for a rugged, deep exfoliating bar for men—especially for hands and feet. Using the traditional cold process soap making method, HUNTING CAMP is made with pumice, sandalwood exfoliating powder, frankincense powder, spikenard powder and moisturizing natural oils. Just right for the sink at your riverside cabin—but looks and works great at home too. HUNTING CAMP has a deep sandalwood fragrance and is slate black in color, from the addition of activated charcoal, which naturally lifts toxins from the skin.\r\n\r\n* Optional natural woven soap bag - extends the life of your bar.  One side is open weave, the other - dense weave like a washcloth.  Excellent for travel and camp.\r\n\r\nMade in the USA.', '2022-10-11 03:02:13', 33);

-- Dumping structure for table fishing_tackle.products_detail
CREATE TABLE IF NOT EXISTS `products_detail` (
  `id` int NOT NULL AUTO_INCREMENT,
  `product_id` int NOT NULL,
  `color_id` int DEFAULT NULL,
  `style_id` int DEFAULT NULL,
  `option_id` int DEFAULT NULL,
  `size_id` int DEFAULT NULL,
  `price` float NOT NULL,
  `quantity` int NOT NULL,
  PRIMARY KEY (`id`),
  UNIQUE KEY `product_id` (`product_id`,`color_id`,`style_id`,`option_id`,`size_id`),
  KEY `FK_products_detail_colors` (`color_id`),
  KEY `FK_products_detail_styles` (`style_id`),
  KEY `FK_products_detail_options` (`option_id`),
  KEY `FK_products_detail_sizes` (`size_id`),
  CONSTRAINT `FK_products_detail_colors` FOREIGN KEY (`color_id`) REFERENCES `colors` (`id`),
  CONSTRAINT `FK_products_detail_options` FOREIGN KEY (`option_id`) REFERENCES `options` (`id`),
  CONSTRAINT `FK_products_detail_products` FOREIGN KEY (`product_id`) REFERENCES `products` (`id`),
  CONSTRAINT `FK_products_detail_sizes` FOREIGN KEY (`size_id`) REFERENCES `sizes` (`id`),
  CONSTRAINT `FK_products_detail_styles` FOREIGN KEY (`style_id`) REFERENCES `styles` (`id`)
) ENGINE=InnoDB AUTO_INCREMENT=45306 DEFAULT CHARSET=utf8mb4 COLLATE=utf8mb4_0900_ai_ci;

-- Dumping data for table fishing_tackle.products_detail: ~1,968 rows (approximately)
DELETE FROM `products_detail`;
INSERT INTO `products_detail` (`id`, `product_id`, `color_id`, `style_id`, `option_id`, `size_id`, `price`, `quantity`) VALUES
	(42911, 103, NULL, NULL, 72, NULL, 12, 100),
	(42912, 103, NULL, NULL, 72, NULL, 12, 100),
	(42913, 103, NULL, NULL, 73, NULL, 12, 100),
	(42914, 103, NULL, NULL, 73, NULL, 12, 100),
	(42915, 103, NULL, NULL, 72, NULL, 12, 100),
	(42916, 103, NULL, NULL, 72, NULL, 12, 100),
	(42917, 103, NULL, NULL, 73, NULL, 12, 100),
	(42918, 103, NULL, NULL, 73, NULL, 12, 100),
	(42919, 103, NULL, NULL, 72, NULL, 12, 100),
	(42920, 103, NULL, NULL, 72, NULL, 12, 100),
	(42921, 103, NULL, NULL, 73, NULL, 12, 100),
	(42922, 103, NULL, NULL, 73, NULL, 12, 100),
	(42923, 103, NULL, NULL, 72, NULL, 12, 100),
	(42924, 103, NULL, NULL, 72, NULL, 12, 100),
	(42925, 103, NULL, NULL, 73, NULL, 12, 100),
	(42926, 103, NULL, NULL, 73, NULL, 12, 100),
	(42930, 106, NULL, NULL, 75, NULL, 12.5, 100),
	(42931, 107, NULL, NULL, 76, NULL, 14.5, 100),
	(42932, 107, NULL, NULL, 76, NULL, 14.5, 100),
	(42933, 107, NULL, NULL, 77, NULL, 14.5, 100),
	(42934, 107, NULL, NULL, 77, NULL, 14.5, 100),
	(42935, 107, NULL, NULL, 76, NULL, 14.5, 100),
	(42936, 107, NULL, NULL, 76, NULL, 14.5, 100),
	(42937, 107, NULL, NULL, 77, NULL, 14.5, 100),
	(42938, 107, NULL, NULL, 77, NULL, 14.5, 100),
	(42939, 107, NULL, NULL, 76, NULL, 14.5, 100),
	(42940, 107, NULL, NULL, 76, NULL, 14.5, 100),
	(42941, 107, NULL, NULL, 77, NULL, 14.5, 100),
	(42942, 107, NULL, NULL, 77, NULL, 14.5, 100),
	(42943, 107, NULL, NULL, 76, NULL, 14.5, 100),
	(42944, 107, NULL, NULL, 76, NULL, 14.5, 100),
	(42945, 107, NULL, NULL, 77, NULL, 14.5, 100),
	(42946, 107, NULL, NULL, 77, NULL, 14.5, 100),
	(43141, 88, NULL, NULL, NULL, 3, 29.5, 100),
	(43142, 88, NULL, NULL, NULL, 2, 29.5, 100),
	(43143, 88, NULL, NULL, NULL, 1, 29.5, 100),
	(43144, 88, NULL, NULL, NULL, 4, 29.5, 100),
	(43145, 88, NULL, NULL, NULL, 5, 29.5, 100),
	(43146, 88, NULL, NULL, NULL, 3, 29.5, 100),
	(43147, 88, NULL, NULL, NULL, 2, 29.5, 100),
	(43148, 88, NULL, NULL, NULL, 1, 29.5, 100),
	(43149, 88, NULL, NULL, NULL, 4, 29.5, 100),
	(43150, 88, NULL, NULL, NULL, 5, 29.5, 100),
	(43151, 88, NULL, NULL, NULL, 3, 29.5, 100),
	(43152, 88, NULL, NULL, NULL, 2, 29.5, 100),
	(43153, 88, NULL, NULL, NULL, 1, 29.5, 100),
	(43154, 88, NULL, NULL, NULL, 4, 29.5, 100),
	(43155, 88, NULL, NULL, NULL, 5, 29.5, 100),
	(43156, 88, NULL, NULL, NULL, 3, 29.5, 100),
	(43157, 88, NULL, NULL, NULL, 2, 29.5, 100),
	(43158, 88, NULL, NULL, NULL, 1, 29.5, 100),
	(43159, 88, NULL, NULL, NULL, 4, 29.5, 100),
	(43160, 88, NULL, NULL, NULL, 5, 29.5, 100),
	(43161, 88, NULL, NULL, NULL, 3, 29.5, 100),
	(43162, 88, NULL, NULL, NULL, 2, 29.5, 100),
	(43163, 88, NULL, NULL, NULL, 1, 29.5, 100),
	(43164, 88, NULL, NULL, NULL, 4, 29.5, 100),
	(43165, 88, NULL, NULL, NULL, 5, 29.5, 100),
	(43166, 88, NULL, NULL, NULL, 3, 29.5, 100),
	(43167, 88, NULL, NULL, NULL, 2, 29.5, 100),
	(43168, 88, NULL, NULL, NULL, 1, 29.5, 100),
	(43169, 88, NULL, NULL, NULL, 4, 29.5, 100),
	(43170, 88, NULL, NULL, NULL, 5, 29.5, 100),
	(43171, 88, NULL, NULL, NULL, 3, 29.5, 100),
	(43172, 88, NULL, NULL, NULL, 2, 29.5, 100),
	(43173, 88, NULL, NULL, NULL, 1, 29.5, 100),
	(43174, 88, NULL, NULL, NULL, 4, 29.5, 100),
	(43175, 88, NULL, NULL, NULL, 5, 29.5, 100),
	(43176, 88, NULL, NULL, NULL, 3, 29.5, 100),
	(43177, 88, NULL, NULL, NULL, 2, 29.5, 100),
	(43178, 88, NULL, NULL, NULL, 1, 29.5, 100),
	(43179, 88, NULL, NULL, NULL, 4, 29.5, 100),
	(43180, 88, NULL, NULL, NULL, 5, 29.5, 100),
	(43181, 88, NULL, NULL, NULL, 3, 29.5, 100),
	(43182, 88, NULL, NULL, NULL, 2, 29.5, 100),
	(43183, 88, NULL, NULL, NULL, 1, 29.5, 100),
	(43184, 88, NULL, NULL, NULL, 4, 29.5, 100),
	(43185, 88, NULL, NULL, NULL, 5, 29.5, 100),
	(43186, 88, NULL, NULL, NULL, 3, 29.5, 100),
	(43187, 88, NULL, NULL, NULL, 2, 29.5, 100),
	(43188, 88, NULL, NULL, NULL, 1, 29.5, 100),
	(43189, 88, NULL, NULL, NULL, 4, 29.5, 100),
	(43190, 88, NULL, NULL, NULL, 5, 29.5, 100),
	(43191, 88, NULL, NULL, NULL, 3, 29.5, 100),
	(43192, 88, NULL, NULL, NULL, 2, 29.5, 100),
	(43193, 88, NULL, NULL, NULL, 1, 29.5, 100),
	(43194, 88, NULL, NULL, NULL, 4, 29.5, 100),
	(43195, 88, NULL, NULL, NULL, 5, 29.5, 100),
	(43196, 88, NULL, NULL, NULL, 3, 29.5, 100),
	(43197, 88, NULL, NULL, NULL, 2, 29.5, 100),
	(43198, 88, NULL, NULL, NULL, 1, 29.5, 100),
	(43199, 88, NULL, NULL, NULL, 4, 29.5, 100),
	(43200, 88, NULL, NULL, NULL, 5, 29.5, 100),
	(43201, 88, NULL, NULL, NULL, 3, 29.5, 100),
	(43202, 88, NULL, NULL, NULL, 2, 29.5, 100),
	(43203, 88, NULL, NULL, NULL, 1, 29.5, 100),
	(43204, 88, NULL, NULL, NULL, 4, 29.5, 100),
	(43205, 88, NULL, NULL, NULL, 5, 29.5, 100),
	(43206, 88, NULL, NULL, NULL, 3, 29.5, 100),
	(43207, 88, NULL, NULL, NULL, 2, 29.5, 100),
	(43208, 88, NULL, NULL, NULL, 1, 29.5, 100),
	(43209, 88, NULL, NULL, NULL, 4, 29.5, 100),
	(43210, 88, NULL, NULL, NULL, 5, 29.5, 100),
	(43211, 88, NULL, NULL, NULL, 3, 29.5, 100),
	(43212, 88, NULL, NULL, NULL, 2, 29.5, 100),
	(43213, 88, NULL, NULL, NULL, 1, 29.5, 100),
	(43214, 88, NULL, NULL, NULL, 4, 29.5, 100),
	(43215, 88, NULL, NULL, NULL, 5, 29.5, 100),
	(43216, 88, NULL, NULL, NULL, 3, 29.5, 100),
	(43217, 88, NULL, NULL, NULL, 2, 29.5, 100),
	(43218, 88, NULL, NULL, NULL, 1, 29.5, 100),
	(43219, 88, NULL, NULL, NULL, 4, 29.5, 100),
	(43220, 88, NULL, NULL, NULL, 5, 29.5, 100),
	(43221, 88, NULL, NULL, NULL, 3, 29.5, 100),
	(43222, 88, NULL, NULL, NULL, 2, 29.5, 100),
	(43223, 88, NULL, NULL, NULL, 1, 29.5, 100),
	(43224, 88, NULL, NULL, NULL, 4, 29.5, 100),
	(43225, 88, NULL, NULL, NULL, 5, 29.5, 100),
	(43226, 88, NULL, NULL, NULL, 3, 29.5, 100),
	(43227, 88, NULL, NULL, NULL, 2, 29.5, 100),
	(43228, 88, NULL, NULL, NULL, 1, 29.5, 100),
	(43229, 88, NULL, NULL, NULL, 4, 29.5, 100),
	(43230, 88, NULL, NULL, NULL, 5, 29.5, 100),
	(43231, 88, NULL, NULL, NULL, 3, 29.5, 100),
	(43232, 88, NULL, NULL, NULL, 2, 29.5, 100),
	(43233, 88, NULL, NULL, NULL, 1, 29.5, 100),
	(43234, 88, NULL, NULL, NULL, 4, 29.5, 100),
	(43235, 88, NULL, NULL, NULL, 5, 29.5, 100),
	(43236, 88, NULL, NULL, NULL, 3, 29.5, 100),
	(43237, 88, NULL, NULL, NULL, 2, 29.5, 100),
	(43238, 88, NULL, NULL, NULL, 1, 29.5, 100),
	(43239, 88, NULL, NULL, NULL, 4, 29.5, 100),
	(43240, 88, NULL, NULL, NULL, 5, 29.5, 100),
	(43241, 88, NULL, NULL, NULL, 3, 29.5, 100),
	(43242, 88, NULL, NULL, NULL, 2, 29.5, 100),
	(43243, 88, NULL, NULL, NULL, 1, 29.5, 100),
	(43244, 88, NULL, NULL, NULL, 4, 29.5, 100),
	(43245, 88, NULL, NULL, NULL, 5, 29.5, 100),
	(43246, 88, NULL, NULL, NULL, 3, 29.5, 100),
	(43247, 88, NULL, NULL, NULL, 2, 29.5, 100),
	(43248, 88, NULL, NULL, NULL, 1, 29.5, 100),
	(43249, 88, NULL, NULL, NULL, 4, 29.5, 100),
	(43250, 88, NULL, NULL, NULL, 5, 29.5, 100),
	(43251, 88, NULL, NULL, NULL, 3, 29.5, 100),
	(43252, 88, NULL, NULL, NULL, 2, 29.5, 100),
	(43253, 88, NULL, NULL, NULL, 1, 29.5, 100),
	(43254, 88, NULL, NULL, NULL, 4, 29.5, 100),
	(43255, 88, NULL, NULL, NULL, 5, 29.5, 100),
	(43256, 88, NULL, NULL, NULL, 3, 29.5, 100),
	(43257, 88, NULL, NULL, NULL, 2, 29.5, 100),
	(43258, 88, NULL, NULL, NULL, 1, 29.5, 100),
	(43259, 88, NULL, NULL, NULL, 4, 29.5, 100),
	(43260, 88, NULL, NULL, NULL, 5, 29.5, 100),
	(43261, 88, NULL, NULL, NULL, 3, 29.5, 100),
	(43262, 88, NULL, NULL, NULL, 2, 29.5, 100),
	(43263, 88, NULL, NULL, NULL, 1, 29.5, 100),
	(43264, 88, NULL, NULL, NULL, 4, 29.5, 100),
	(43265, 88, NULL, NULL, NULL, 5, 29.5, 100),
	(43266, 88, NULL, NULL, NULL, 3, 29.5, 100),
	(43267, 88, NULL, NULL, NULL, 2, 29.5, 100),
	(43268, 88, NULL, NULL, NULL, 1, 29.5, 100),
	(43269, 88, NULL, NULL, NULL, 4, 29.5, 100),
	(43270, 88, NULL, NULL, NULL, 5, 29.5, 100),
	(43271, 88, NULL, NULL, NULL, 3, 29.5, 100),
	(43272, 88, NULL, NULL, NULL, 2, 29.5, 100),
	(43273, 88, NULL, NULL, NULL, 1, 29.5, 100),
	(43274, 88, NULL, NULL, NULL, 4, 29.5, 100),
	(43275, 88, NULL, NULL, NULL, 5, 29.5, 100),
	(43276, 88, NULL, NULL, NULL, 3, 29.5, 100),
	(43277, 88, NULL, NULL, NULL, 2, 29.5, 100),
	(43278, 88, NULL, NULL, NULL, 1, 29.5, 100),
	(43279, 88, NULL, NULL, NULL, 4, 29.5, 100),
	(43280, 88, NULL, NULL, NULL, 5, 29.5, 100),
	(43281, 88, NULL, NULL, NULL, 3, 29.5, 100),
	(43282, 88, NULL, NULL, NULL, 2, 29.5, 100),
	(43283, 88, NULL, NULL, NULL, 1, 29.5, 100),
	(43284, 88, NULL, NULL, NULL, 4, 29.5, 100),
	(43285, 88, NULL, NULL, NULL, 5, 29.5, 100),
	(43286, 88, NULL, NULL, NULL, 3, 29.5, 100),
	(43287, 88, NULL, NULL, NULL, 2, 29.5, 100),
	(43288, 88, NULL, NULL, NULL, 1, 29.5, 100),
	(43289, 88, NULL, NULL, NULL, 4, 29.5, 100),
	(43290, 88, NULL, NULL, NULL, 5, 29.5, 100),
	(43291, 88, NULL, NULL, NULL, 3, 29.5, 100),
	(43292, 88, NULL, NULL, NULL, 2, 29.5, 100),
	(43293, 88, NULL, NULL, NULL, 1, 29.5, 100),
	(43294, 88, NULL, NULL, NULL, 4, 29.5, 100),
	(43295, 88, NULL, NULL, NULL, 5, 29.5, 100),
	(43296, 88, NULL, NULL, NULL, 3, 29.5, 100),
	(43297, 88, NULL, NULL, NULL, 2, 29.5, 100),
	(43298, 88, NULL, NULL, NULL, 1, 29.5, 100),
	(43299, 88, NULL, NULL, NULL, 4, 29.5, 100),
	(43300, 88, NULL, NULL, NULL, 5, 29.5, 100),
	(43301, 88, NULL, NULL, NULL, 3, 29.5, 100),
	(43302, 88, NULL, NULL, NULL, 2, 29.5, 100),
	(43303, 88, NULL, NULL, NULL, 1, 29.5, 100),
	(43304, 88, NULL, NULL, NULL, 4, 29.5, 100),
	(43305, 88, NULL, NULL, NULL, 5, 29.5, 100),
	(43306, 88, NULL, NULL, NULL, 3, 29.5, 100),
	(43307, 88, NULL, NULL, NULL, 2, 29.5, 100),
	(43308, 88, NULL, NULL, NULL, 1, 29.5, 100),
	(43309, 88, NULL, NULL, NULL, 4, 29.5, 100),
	(43310, 88, NULL, NULL, NULL, 5, 29.5, 100),
	(43311, 88, NULL, NULL, NULL, 3, 29.5, 100),
	(43312, 88, NULL, NULL, NULL, 2, 29.5, 100),
	(43313, 88, NULL, NULL, NULL, 1, 29.5, 100),
	(43314, 88, NULL, NULL, NULL, 4, 29.5, 100),
	(43315, 88, NULL, NULL, NULL, 5, 29.5, 100),
	(43316, 88, NULL, NULL, NULL, 3, 29.5, 100),
	(43317, 88, NULL, NULL, NULL, 2, 29.5, 100),
	(43318, 88, NULL, NULL, NULL, 1, 29.5, 100),
	(43319, 88, NULL, NULL, NULL, 4, 29.5, 100),
	(43320, 88, NULL, NULL, NULL, 5, 29.5, 100),
	(43321, 88, NULL, NULL, NULL, 3, 29.5, 100),
	(43322, 88, NULL, NULL, NULL, 2, 29.5, 100),
	(43323, 88, NULL, NULL, NULL, 1, 29.5, 100),
	(43324, 88, NULL, NULL, NULL, 4, 29.5, 100),
	(43325, 88, NULL, NULL, NULL, 5, 29.5, 100),
	(43326, 88, NULL, NULL, NULL, 3, 29.5, 100),
	(43327, 88, NULL, NULL, NULL, 2, 29.5, 100),
	(43328, 88, NULL, NULL, NULL, 1, 29.5, 100),
	(43329, 88, NULL, NULL, NULL, 4, 29.5, 100),
	(43330, 88, NULL, NULL, NULL, 5, 29.5, 100),
	(43331, 88, NULL, NULL, NULL, 3, 29.5, 100),
	(43332, 88, NULL, NULL, NULL, 2, 29.5, 100),
	(43333, 88, NULL, NULL, NULL, 1, 29.5, 100),
	(43334, 88, NULL, NULL, NULL, 4, 29.5, 100),
	(43335, 88, NULL, NULL, NULL, 5, 29.5, 100),
	(43336, 88, NULL, NULL, NULL, 3, 29.5, 100),
	(43337, 88, NULL, NULL, NULL, 2, 29.5, 100),
	(43338, 88, NULL, NULL, NULL, 1, 29.5, 100),
	(43339, 88, NULL, NULL, NULL, 4, 29.5, 100),
	(43340, 88, NULL, NULL, NULL, 5, 29.5, 100),
	(43341, 88, NULL, NULL, NULL, 3, 29.5, 100),
	(43342, 88, NULL, NULL, NULL, 2, 29.5, 100),
	(43343, 88, NULL, NULL, NULL, 1, 29.5, 100),
	(43344, 88, NULL, NULL, NULL, 4, 29.5, 100),
	(43345, 88, NULL, NULL, NULL, 5, 29.5, 100),
	(43346, 88, NULL, NULL, NULL, 3, 29.5, 100),
	(43347, 88, NULL, NULL, NULL, 2, 29.5, 100),
	(43348, 88, NULL, NULL, NULL, 1, 29.5, 100),
	(43349, 88, NULL, NULL, NULL, 4, 29.5, 100),
	(43350, 88, NULL, NULL, NULL, 5, 29.5, 100),
	(43351, 88, NULL, NULL, NULL, 3, 29.5, 100),
	(43352, 88, NULL, NULL, NULL, 2, 29.5, 100),
	(43353, 88, NULL, NULL, NULL, 1, 29.5, 100),
	(43354, 88, NULL, NULL, NULL, 4, 29.5, 100),
	(43355, 88, NULL, NULL, NULL, 5, 29.5, 100),
	(43356, 88, NULL, NULL, NULL, 3, 29.5, 100),
	(43357, 88, NULL, NULL, NULL, 2, 29.5, 100),
	(43358, 88, NULL, NULL, NULL, 1, 29.5, 100),
	(43359, 88, NULL, NULL, NULL, 4, 29.5, 100),
	(43360, 88, NULL, NULL, NULL, 5, 29.5, 100),
	(43361, 88, NULL, NULL, NULL, 3, 29.5, 100),
	(43362, 88, NULL, NULL, NULL, 2, 29.5, 100),
	(43363, 88, NULL, NULL, NULL, 1, 29.5, 100),
	(43364, 88, NULL, NULL, NULL, 4, 29.5, 100),
	(43365, 88, NULL, NULL, NULL, 5, 29.5, 100),
	(43366, 88, NULL, NULL, NULL, 3, 29.5, 100),
	(43367, 88, NULL, NULL, NULL, 2, 29.5, 100),
	(43368, 88, NULL, NULL, NULL, 1, 29.5, 100),
	(43369, 88, NULL, NULL, NULL, 4, 29.5, 100),
	(43370, 88, NULL, NULL, NULL, 5, 29.5, 100),
	(43371, 88, NULL, NULL, NULL, 3, 29.5, 100),
	(43372, 88, NULL, NULL, NULL, 2, 29.5, 100),
	(43373, 88, NULL, NULL, NULL, 1, 29.5, 100),
	(43374, 88, NULL, NULL, NULL, 4, 29.5, 100),
	(43375, 88, NULL, NULL, NULL, 5, 29.5, 100),
	(43376, 88, NULL, NULL, NULL, 3, 29.5, 100),
	(43377, 88, NULL, NULL, NULL, 2, 29.5, 100),
	(43378, 88, NULL, NULL, NULL, 1, 29.5, 100),
	(43379, 88, NULL, NULL, NULL, 4, 29.5, 100),
	(43380, 88, NULL, NULL, NULL, 5, 29.5, 100),
	(43381, 88, NULL, NULL, NULL, 3, 29.5, 100),
	(43382, 88, NULL, NULL, NULL, 2, 29.5, 100),
	(43383, 88, NULL, NULL, NULL, 1, 29.5, 100),
	(43384, 88, NULL, NULL, NULL, 4, 29.5, 100),
	(43385, 88, NULL, NULL, NULL, 5, 29.5, 100),
	(43386, 88, NULL, NULL, NULL, 3, 29.5, 100),
	(43387, 88, NULL, NULL, NULL, 2, 29.5, 100),
	(43388, 88, NULL, NULL, NULL, 1, 29.5, 100),
	(43389, 88, NULL, NULL, NULL, 4, 29.5, 100),
	(43390, 88, NULL, NULL, NULL, 5, 29.5, 100),
	(43391, 88, NULL, NULL, NULL, 3, 29.5, 100),
	(43392, 88, NULL, NULL, NULL, 2, 29.5, 100),
	(43393, 88, NULL, NULL, NULL, 1, 29.5, 100),
	(43394, 88, NULL, NULL, NULL, 4, 29.5, 100),
	(43395, 88, NULL, NULL, NULL, 5, 29.5, 100),
	(43396, 88, NULL, NULL, NULL, 3, 29.5, 100),
	(43397, 88, NULL, NULL, NULL, 2, 29.5, 100),
	(43398, 88, NULL, NULL, NULL, 1, 29.5, 100),
	(43399, 88, NULL, NULL, NULL, 4, 29.5, 100),
	(43400, 88, NULL, NULL, NULL, 5, 29.5, 100),
	(43401, 88, NULL, NULL, NULL, 3, 29.5, 100),
	(43402, 88, NULL, NULL, NULL, 2, 29.5, 100),
	(43403, 88, NULL, NULL, NULL, 1, 29.5, 100),
	(43404, 88, NULL, NULL, NULL, 4, 29.5, 100),
	(43405, 88, NULL, NULL, NULL, 5, 29.5, 100),
	(43406, 88, NULL, NULL, NULL, 3, 29.5, 100),
	(43407, 88, NULL, NULL, NULL, 2, 29.5, 100),
	(43408, 88, NULL, NULL, NULL, 1, 29.5, 100),
	(43409, 88, NULL, NULL, NULL, 4, 29.5, 100),
	(43410, 88, NULL, NULL, NULL, 5, 29.5, 100),
	(43411, 88, NULL, NULL, NULL, 3, 29.5, 100),
	(43412, 88, NULL, NULL, NULL, 2, 29.5, 100),
	(43413, 88, NULL, NULL, NULL, 1, 29.5, 100),
	(43414, 88, NULL, NULL, NULL, 4, 29.5, 100),
	(43415, 88, NULL, NULL, NULL, 5, 29.5, 100),
	(43416, 88, NULL, NULL, NULL, 3, 29.5, 100),
	(43417, 88, NULL, NULL, NULL, 2, 29.5, 100),
	(43418, 88, NULL, NULL, NULL, 1, 29.5, 100),
	(43419, 88, NULL, NULL, NULL, 4, 29.5, 100),
	(43420, 88, NULL, NULL, NULL, 5, 29.5, 100),
	(43421, 88, NULL, NULL, NULL, 3, 29.5, 100),
	(43422, 88, NULL, NULL, NULL, 2, 29.5, 100),
	(43423, 88, NULL, NULL, NULL, 1, 29.5, 100),
	(43424, 88, NULL, NULL, NULL, 4, 29.5, 100),
	(43425, 88, NULL, NULL, NULL, 5, 29.5, 100),
	(43426, 88, NULL, NULL, NULL, 3, 29.5, 100),
	(43427, 88, NULL, NULL, NULL, 2, 29.5, 100),
	(43428, 88, NULL, NULL, NULL, 1, 29.5, 100),
	(43429, 88, NULL, NULL, NULL, 4, 29.5, 100),
	(43430, 88, NULL, NULL, NULL, 5, 29.5, 100),
	(43431, 88, NULL, NULL, NULL, 3, 29.5, 100),
	(43432, 88, NULL, NULL, NULL, 2, 29.5, 100),
	(43433, 88, NULL, NULL, NULL, 1, 29.5, 100),
	(43434, 88, NULL, NULL, NULL, 4, 29.5, 100),
	(43435, 88, NULL, NULL, NULL, 5, 29.5, 100),
	(43436, 88, NULL, NULL, NULL, 3, 29.5, 100),
	(43437, 88, NULL, NULL, NULL, 2, 29.5, 100),
	(43438, 88, NULL, NULL, NULL, 1, 29.5, 100),
	(43439, 88, NULL, NULL, NULL, 4, 29.5, 100),
	(43440, 88, NULL, NULL, NULL, 5, 29.5, 100),
	(43441, 88, NULL, NULL, NULL, 3, 29.5, 100),
	(43442, 88, NULL, NULL, NULL, 2, 29.5, 100),
	(43443, 88, NULL, NULL, NULL, 1, 29.5, 100),
	(43444, 88, NULL, NULL, NULL, 4, 29.5, 100),
	(43445, 88, NULL, NULL, NULL, 5, 29.5, 100),
	(43446, 88, NULL, NULL, NULL, 3, 29.5, 100),
	(43447, 88, NULL, NULL, NULL, 2, 29.5, 100),
	(43448, 88, NULL, NULL, NULL, 1, 29.5, 100),
	(43449, 88, NULL, NULL, NULL, 4, 29.5, 100),
	(43450, 88, NULL, NULL, NULL, 5, 29.5, 100),
	(43451, 88, NULL, NULL, NULL, 3, 29.5, 100),
	(43452, 88, NULL, NULL, NULL, 2, 29.5, 100),
	(43453, 88, NULL, NULL, NULL, 1, 29.5, 100),
	(43454, 88, NULL, NULL, NULL, 4, 29.5, 100),
	(43455, 88, NULL, NULL, NULL, 5, 29.5, 100),
	(43456, 88, NULL, NULL, NULL, 3, 29.5, 100),
	(43457, 88, NULL, NULL, NULL, 2, 29.5, 100),
	(43458, 88, NULL, NULL, NULL, 1, 29.5, 100),
	(43459, 88, NULL, NULL, NULL, 4, 29.5, 100),
	(43460, 88, NULL, NULL, NULL, 5, 29.5, 100),
	(43461, 88, NULL, NULL, NULL, 3, 29.5, 100),
	(43462, 88, NULL, NULL, NULL, 2, 29.5, 100),
	(43463, 88, NULL, NULL, NULL, 1, 29.5, 100),
	(43464, 88, NULL, NULL, NULL, 4, 29.5, 100),
	(43465, 88, NULL, NULL, NULL, 5, 29.5, 100),
	(43466, 88, NULL, NULL, NULL, 3, 29.5, 100),
	(43467, 88, NULL, NULL, NULL, 2, 29.5, 100),
	(43468, 88, NULL, NULL, NULL, 1, 29.5, 100),
	(43469, 88, NULL, NULL, NULL, 4, 29.5, 100),
	(43470, 88, NULL, NULL, NULL, 5, 29.5, 100),
	(43471, 88, NULL, NULL, NULL, 3, 29.5, 100),
	(43472, 88, NULL, NULL, NULL, 2, 29.5, 100),
	(43473, 88, NULL, NULL, NULL, 1, 29.5, 100),
	(43474, 88, NULL, NULL, NULL, 4, 29.5, 100),
	(43475, 88, NULL, NULL, NULL, 5, 29.5, 100),
	(43476, 88, NULL, NULL, NULL, 3, 29.5, 100),
	(43477, 88, NULL, NULL, NULL, 2, 29.5, 100),
	(43478, 88, NULL, NULL, NULL, 1, 29.5, 100),
	(43479, 88, NULL, NULL, NULL, 4, 29.5, 100),
	(43480, 88, NULL, NULL, NULL, 5, 29.5, 100),
	(43481, 88, NULL, NULL, NULL, 3, 29.5, 100),
	(43482, 88, NULL, NULL, NULL, 2, 29.5, 100),
	(43483, 88, NULL, NULL, NULL, 1, 29.5, 100),
	(43484, 88, NULL, NULL, NULL, 4, 29.5, 100),
	(43485, 88, NULL, NULL, NULL, 5, 29.5, 100),
	(43486, 88, NULL, NULL, NULL, 3, 29.5, 100),
	(43487, 88, NULL, NULL, NULL, 2, 29.5, 100),
	(43488, 88, NULL, NULL, NULL, 1, 29.5, 100),
	(43489, 88, NULL, NULL, NULL, 4, 29.5, 100),
	(43490, 88, NULL, NULL, NULL, 5, 29.5, 100),
	(43491, 88, NULL, NULL, NULL, 3, 29.5, 100),
	(43492, 88, NULL, NULL, NULL, 2, 29.5, 100),
	(43493, 88, NULL, NULL, NULL, 1, 29.5, 100),
	(43494, 88, NULL, NULL, NULL, 4, 29.5, 100),
	(43495, 88, NULL, NULL, NULL, 5, 29.5, 100),
	(43496, 88, NULL, NULL, NULL, 3, 29.5, 100),
	(43497, 88, NULL, NULL, NULL, 2, 29.5, 100),
	(43498, 88, NULL, NULL, NULL, 1, 29.5, 100),
	(43499, 88, NULL, NULL, NULL, 4, 29.5, 100),
	(43500, 88, NULL, NULL, NULL, 5, 29.5, 100),
	(43501, 88, NULL, NULL, NULL, 3, 29.5, 100),
	(43502, 88, NULL, NULL, NULL, 2, 29.5, 100),
	(43503, 88, NULL, NULL, NULL, 1, 29.5, 100),
	(43504, 88, NULL, NULL, NULL, 4, 29.5, 100),
	(43505, 88, NULL, NULL, NULL, 5, 29.5, 100),
	(43506, 88, NULL, NULL, NULL, 3, 29.5, 100),
	(43507, 88, NULL, NULL, NULL, 2, 29.5, 100),
	(43508, 88, NULL, NULL, NULL, 1, 29.5, 100),
	(43509, 88, NULL, NULL, NULL, 4, 29.5, 100),
	(43510, 88, NULL, NULL, NULL, 5, 29.5, 100),
	(43511, 88, NULL, NULL, NULL, 3, 29.5, 100),
	(43512, 88, NULL, NULL, NULL, 2, 29.5, 100),
	(43513, 88, NULL, NULL, NULL, 1, 29.5, 100),
	(43514, 88, NULL, NULL, NULL, 4, 29.5, 100),
	(43515, 88, NULL, NULL, NULL, 5, 29.5, 100),
	(43516, 88, NULL, NULL, NULL, 3, 29.5, 100),
	(43517, 88, NULL, NULL, NULL, 2, 29.5, 100),
	(43518, 88, NULL, NULL, NULL, 1, 29.5, 100),
	(43519, 88, NULL, NULL, NULL, 4, 29.5, 100),
	(43520, 88, NULL, NULL, NULL, 5, 29.5, 100),
	(43521, 88, NULL, NULL, NULL, 3, 29.5, 100),
	(43522, 88, NULL, NULL, NULL, 2, 29.5, 100),
	(43523, 88, NULL, NULL, NULL, 1, 29.5, 100),
	(43524, 88, NULL, NULL, NULL, 4, 29.5, 100),
	(43525, 88, NULL, NULL, NULL, 5, 29.5, 100),
	(43526, 88, NULL, NULL, NULL, 3, 29.5, 100),
	(43527, 88, NULL, NULL, NULL, 2, 29.5, 100),
	(43528, 88, NULL, NULL, NULL, 1, 29.5, 100),
	(43529, 88, NULL, NULL, NULL, 4, 29.5, 100),
	(43530, 88, NULL, NULL, NULL, 5, 29.5, 100),
	(43531, 88, NULL, NULL, NULL, 3, 29.5, 100),
	(43532, 88, NULL, NULL, NULL, 2, 29.5, 100),
	(43533, 88, NULL, NULL, NULL, 1, 29.5, 100),
	(43534, 88, NULL, NULL, NULL, 4, 29.5, 100),
	(43535, 88, NULL, NULL, NULL, 5, 29.5, 100),
	(43536, 88, NULL, NULL, NULL, 3, 29.5, 100),
	(43537, 88, NULL, NULL, NULL, 2, 29.5, 100),
	(43538, 88, NULL, NULL, NULL, 1, 29.5, 100),
	(43539, 88, NULL, NULL, NULL, 4, 29.5, 100),
	(43540, 88, NULL, NULL, NULL, 5, 29.5, 100),
	(43541, 88, NULL, NULL, NULL, 3, 29.5, 100),
	(43542, 88, NULL, NULL, NULL, 2, 29.5, 100),
	(43543, 88, NULL, NULL, NULL, 1, 29.5, 100),
	(43544, 88, NULL, NULL, NULL, 4, 29.5, 100),
	(43545, 88, NULL, NULL, NULL, 5, 29.5, 100),
	(43546, 88, NULL, NULL, NULL, 3, 29.5, 100),
	(43547, 88, NULL, NULL, NULL, 2, 29.5, 100),
	(43548, 88, NULL, NULL, NULL, 1, 29.5, 100),
	(43549, 88, NULL, NULL, NULL, 4, 29.5, 100),
	(43550, 88, NULL, NULL, NULL, 5, 29.5, 100),
	(43551, 88, NULL, NULL, NULL, 3, 29.5, 100),
	(43552, 88, NULL, NULL, NULL, 2, 29.5, 100),
	(43553, 88, NULL, NULL, NULL, 1, 29.5, 100),
	(43554, 88, NULL, NULL, NULL, 4, 29.5, 100),
	(43555, 88, NULL, NULL, NULL, 5, 29.5, 100),
	(43556, 88, NULL, NULL, NULL, 3, 29.5, 100),
	(43557, 88, NULL, NULL, NULL, 2, 29.5, 100),
	(43558, 88, NULL, NULL, NULL, 1, 29.5, 100),
	(43559, 88, NULL, NULL, NULL, 4, 29.5, 100),
	(43560, 88, NULL, NULL, NULL, 5, 29.5, 100),
	(43561, 88, NULL, NULL, NULL, 3, 29.5, 100),
	(43562, 88, NULL, NULL, NULL, 2, 29.5, 100),
	(43563, 88, NULL, NULL, NULL, 1, 29.5, 100),
	(43564, 88, NULL, NULL, NULL, 4, 29.5, 100),
	(43565, 88, NULL, NULL, NULL, 5, 29.5, 100),
	(43566, 88, NULL, NULL, NULL, 3, 29.5, 100),
	(43567, 88, NULL, NULL, NULL, 2, 29.5, 100),
	(43568, 88, NULL, NULL, NULL, 1, 29.5, 100),
	(43569, 88, NULL, NULL, NULL, 4, 29.5, 100),
	(43570, 88, NULL, NULL, NULL, 5, 29.5, 100),
	(43571, 88, NULL, NULL, NULL, 3, 29.5, 100),
	(43572, 88, NULL, NULL, NULL, 2, 29.5, 100),
	(43573, 88, NULL, NULL, NULL, 1, 29.5, 100),
	(43574, 88, NULL, NULL, NULL, 4, 29.5, 100),
	(43575, 88, NULL, NULL, NULL, 5, 29.5, 100),
	(43576, 88, NULL, NULL, NULL, 3, 29.5, 100),
	(43577, 88, NULL, NULL, NULL, 2, 29.5, 100),
	(43578, 88, NULL, NULL, NULL, 1, 29.5, 100),
	(43579, 88, NULL, NULL, NULL, 4, 29.5, 100),
	(43580, 88, NULL, NULL, NULL, 5, 29.5, 100),
	(43581, 88, NULL, NULL, NULL, 3, 29.5, 100),
	(43582, 88, NULL, NULL, NULL, 2, 29.5, 100),
	(43583, 88, NULL, NULL, NULL, 1, 29.5, 100),
	(43584, 88, NULL, NULL, NULL, 4, 29.5, 100),
	(43585, 88, NULL, NULL, NULL, 5, 29.5, 100),
	(43586, 88, NULL, NULL, NULL, 3, 29.5, 100),
	(43587, 88, NULL, NULL, NULL, 2, 29.5, 100),
	(43588, 88, NULL, NULL, NULL, 1, 29.5, 100),
	(43589, 88, NULL, NULL, NULL, 4, 29.5, 100),
	(43590, 88, NULL, NULL, NULL, 5, 29.5, 100),
	(43591, 88, NULL, NULL, NULL, 3, 29.5, 100),
	(43592, 88, NULL, NULL, NULL, 2, 29.5, 100),
	(43593, 88, NULL, NULL, NULL, 1, 29.5, 100),
	(43594, 88, NULL, NULL, NULL, 4, 29.5, 100),
	(43595, 88, NULL, NULL, NULL, 5, 29.5, 100),
	(43596, 88, NULL, NULL, NULL, 3, 29.5, 100),
	(43597, 88, NULL, NULL, NULL, 2, 29.5, 100),
	(43598, 88, NULL, NULL, NULL, 1, 29.5, 100),
	(43599, 88, NULL, NULL, NULL, 4, 29.5, 100),
	(43600, 88, NULL, NULL, NULL, 5, 29.5, 100),
	(43601, 88, NULL, NULL, NULL, 3, 29.5, 100),
	(43602, 88, NULL, NULL, NULL, 2, 29.5, 100),
	(43603, 88, NULL, NULL, NULL, 1, 29.5, 100),
	(43604, 88, NULL, NULL, NULL, 4, 29.5, 100),
	(43605, 88, NULL, NULL, NULL, 5, 29.5, 100),
	(43606, 88, NULL, NULL, NULL, 3, 29.5, 100),
	(43607, 88, NULL, NULL, NULL, 2, 29.5, 100),
	(43608, 88, NULL, NULL, NULL, 1, 29.5, 100),
	(43609, 88, NULL, NULL, NULL, 4, 29.5, 100),
	(43610, 88, NULL, NULL, NULL, 5, 29.5, 100),
	(43611, 88, NULL, NULL, NULL, 3, 29.5, 100),
	(43612, 88, NULL, NULL, NULL, 2, 29.5, 100),
	(43613, 88, NULL, NULL, NULL, 1, 29.5, 100),
	(43614, 88, NULL, NULL, NULL, 4, 29.5, 100),
	(43615, 88, NULL, NULL, NULL, 5, 29.5, 100),
	(43616, 88, NULL, NULL, NULL, 3, 29.5, 100),
	(43617, 88, NULL, NULL, NULL, 2, 29.5, 100),
	(43618, 88, NULL, NULL, NULL, 1, 29.5, 100),
	(43619, 88, NULL, NULL, NULL, 4, 29.5, 100),
	(43620, 88, NULL, NULL, NULL, 5, 29.5, 100),
	(43621, 88, NULL, NULL, NULL, 3, 29.5, 100),
	(43622, 88, NULL, NULL, NULL, 2, 29.5, 100),
	(43623, 88, NULL, NULL, NULL, 1, 29.5, 100),
	(43624, 88, NULL, NULL, NULL, 4, 29.5, 100),
	(43625, 88, NULL, NULL, NULL, 5, 29.5, 100),
	(43626, 88, NULL, NULL, NULL, 3, 29.5, 100),
	(43627, 88, NULL, NULL, NULL, 2, 29.5, 100),
	(43628, 88, NULL, NULL, NULL, 1, 29.5, 100),
	(43629, 88, NULL, NULL, NULL, 4, 29.5, 100),
	(43630, 88, NULL, NULL, NULL, 5, 29.5, 100),
	(43631, 88, NULL, NULL, NULL, 3, 29.5, 100),
	(43632, 88, NULL, NULL, NULL, 2, 29.5, 100),
	(43633, 88, NULL, NULL, NULL, 1, 29.5, 100),
	(43634, 88, NULL, NULL, NULL, 4, 29.5, 100),
	(43635, 88, NULL, NULL, NULL, 5, 29.5, 100),
	(43636, 88, NULL, NULL, NULL, 3, 29.5, 100),
	(43637, 88, NULL, NULL, NULL, 2, 29.5, 100),
	(43638, 88, NULL, NULL, NULL, 1, 29.5, 100),
	(43639, 88, NULL, NULL, NULL, 4, 29.5, 100),
	(43640, 88, NULL, NULL, NULL, 5, 29.5, 100),
	(43641, 88, NULL, NULL, NULL, 3, 29.5, 100),
	(43642, 88, NULL, NULL, NULL, 2, 29.5, 100),
	(43643, 88, NULL, NULL, NULL, 1, 29.5, 100),
	(43644, 88, NULL, NULL, NULL, 4, 29.5, 100),
	(43645, 88, NULL, NULL, NULL, 5, 29.5, 100),
	(43646, 88, NULL, NULL, NULL, 3, 29.5, 100),
	(43647, 88, NULL, NULL, NULL, 2, 29.5, 100),
	(43648, 88, NULL, NULL, NULL, 1, 29.5, 100),
	(43649, 88, NULL, NULL, NULL, 4, 29.5, 100),
	(43650, 88, NULL, NULL, NULL, 5, 29.5, 100),
	(43651, 88, NULL, NULL, NULL, 3, 29.5, 100),
	(43652, 88, NULL, NULL, NULL, 2, 29.5, 100),
	(43653, 88, NULL, NULL, NULL, 1, 29.5, 100),
	(43654, 88, NULL, NULL, NULL, 4, 29.5, 100),
	(43655, 88, NULL, NULL, NULL, 5, 29.5, 100),
	(43656, 88, NULL, NULL, NULL, 3, 29.5, 100),
	(43657, 88, NULL, NULL, NULL, 2, 29.5, 100),
	(43658, 88, NULL, NULL, NULL, 1, 29.5, 100),
	(43659, 88, NULL, NULL, NULL, 4, 29.5, 100),
	(43660, 88, NULL, NULL, NULL, 5, 29.5, 100),
	(43661, 88, NULL, NULL, NULL, 3, 29.5, 100),
	(43662, 88, NULL, NULL, NULL, 2, 29.5, 100),
	(43663, 88, NULL, NULL, NULL, 1, 29.5, 100),
	(43664, 88, NULL, NULL, NULL, 4, 29.5, 100),
	(43665, 88, NULL, NULL, NULL, 5, 29.5, 100),
	(43666, 88, NULL, NULL, NULL, 3, 29.5, 100),
	(43667, 88, NULL, NULL, NULL, 2, 29.5, 100),
	(43668, 88, NULL, NULL, NULL, 1, 29.5, 100),
	(43669, 88, NULL, NULL, NULL, 4, 29.5, 100),
	(43670, 88, NULL, NULL, NULL, 5, 29.5, 100),
	(43671, 88, NULL, NULL, NULL, 3, 29.5, 100),
	(43672, 88, NULL, NULL, NULL, 2, 29.5, 100),
	(43673, 88, NULL, NULL, NULL, 1, 29.5, 100),
	(43674, 88, NULL, NULL, NULL, 4, 29.5, 100),
	(43675, 88, NULL, NULL, NULL, 5, 29.5, 100),
	(43676, 88, NULL, NULL, NULL, 3, 29.5, 100),
	(43677, 88, NULL, NULL, NULL, 2, 29.5, 100),
	(43678, 88, NULL, NULL, NULL, 1, 29.5, 100),
	(43679, 88, NULL, NULL, NULL, 4, 29.5, 100),
	(43680, 88, NULL, NULL, NULL, 5, 29.5, 100),
	(43681, 88, NULL, NULL, NULL, 3, 29.5, 100),
	(43682, 88, NULL, NULL, NULL, 2, 29.5, 100),
	(43683, 88, NULL, NULL, NULL, 1, 29.5, 100),
	(43684, 88, NULL, NULL, NULL, 4, 29.5, 100),
	(43685, 88, NULL, NULL, NULL, 5, 29.5, 100),
	(43686, 88, NULL, NULL, NULL, 3, 29.5, 100),
	(43687, 88, NULL, NULL, NULL, 2, 29.5, 100),
	(43688, 88, NULL, NULL, NULL, 1, 29.5, 100),
	(43689, 88, NULL, NULL, NULL, 4, 29.5, 100),
	(43690, 88, NULL, NULL, NULL, 5, 29.5, 100),
	(43691, 88, NULL, NULL, NULL, 3, 29.5, 100),
	(43692, 88, NULL, NULL, NULL, 2, 29.5, 100),
	(43693, 88, NULL, NULL, NULL, 1, 29.5, 100),
	(43694, 88, NULL, NULL, NULL, 4, 29.5, 100),
	(43695, 88, NULL, NULL, NULL, 5, 29.5, 100),
	(43696, 88, NULL, NULL, NULL, 3, 29.5, 100),
	(43697, 88, NULL, NULL, NULL, 2, 29.5, 100),
	(43698, 88, NULL, NULL, NULL, 1, 29.5, 100),
	(43699, 88, NULL, NULL, NULL, 4, 29.5, 100),
	(43700, 88, NULL, NULL, NULL, 5, 29.5, 100),
	(43701, 88, NULL, NULL, NULL, 3, 29.5, 100),
	(43702, 88, NULL, NULL, NULL, 2, 29.5, 100),
	(43703, 88, NULL, NULL, NULL, 1, 29.5, 100),
	(43704, 88, NULL, NULL, NULL, 4, 29.5, 100),
	(43705, 88, NULL, NULL, NULL, 5, 29.5, 100),
	(43706, 88, NULL, NULL, NULL, 3, 29.5, 100),
	(43707, 88, NULL, NULL, NULL, 2, 29.5, 100),
	(43708, 88, NULL, NULL, NULL, 1, 29.5, 100),
	(43709, 88, NULL, NULL, NULL, 4, 29.5, 100),
	(43710, 88, NULL, NULL, NULL, 5, 29.5, 100),
	(43711, 88, NULL, NULL, NULL, 3, 29.5, 100),
	(43712, 88, NULL, NULL, NULL, 2, 29.5, 100),
	(43713, 88, NULL, NULL, NULL, 1, 29.5, 100),
	(43714, 88, NULL, NULL, NULL, 4, 29.5, 100),
	(43715, 88, NULL, NULL, NULL, 5, 29.5, 100),
	(43716, 88, NULL, NULL, NULL, 3, 29.5, 100),
	(43717, 88, NULL, NULL, NULL, 2, 29.5, 100),
	(43718, 88, NULL, NULL, NULL, 1, 29.5, 100),
	(43719, 88, NULL, NULL, NULL, 4, 29.5, 100),
	(43720, 88, NULL, NULL, NULL, 5, 29.5, 100),
	(43721, 88, NULL, NULL, NULL, 3, 29.5, 100),
	(43722, 88, NULL, NULL, NULL, 2, 29.5, 100),
	(43723, 88, NULL, NULL, NULL, 1, 29.5, 100),
	(43724, 88, NULL, NULL, NULL, 4, 29.5, 100),
	(43725, 88, NULL, NULL, NULL, 5, 29.5, 100),
	(43726, 88, NULL, NULL, NULL, 3, 29.5, 100),
	(43727, 88, NULL, NULL, NULL, 2, 29.5, 100),
	(43728, 88, NULL, NULL, NULL, 1, 29.5, 100),
	(43729, 88, NULL, NULL, NULL, 4, 29.5, 100),
	(43730, 88, NULL, NULL, NULL, 5, 29.5, 100),
	(43731, 88, NULL, NULL, NULL, 3, 29.5, 100),
	(43732, 88, NULL, NULL, NULL, 2, 29.5, 100),
	(43733, 88, NULL, NULL, NULL, 1, 29.5, 100),
	(43734, 88, NULL, NULL, NULL, 4, 29.5, 100),
	(43735, 88, NULL, NULL, NULL, 5, 29.5, 100),
	(43736, 88, NULL, NULL, NULL, 3, 29.5, 100),
	(43737, 88, NULL, NULL, NULL, 2, 29.5, 100),
	(43738, 88, NULL, NULL, NULL, 1, 29.5, 100),
	(43739, 88, NULL, NULL, NULL, 4, 29.5, 100),
	(43740, 88, NULL, NULL, NULL, 5, 29.5, 100),
	(43741, 88, NULL, NULL, NULL, 3, 29.5, 100),
	(43742, 88, NULL, NULL, NULL, 2, 29.5, 100),
	(43743, 88, NULL, NULL, NULL, 1, 29.5, 100),
	(43744, 88, NULL, NULL, NULL, 4, 29.5, 100),
	(43745, 88, NULL, NULL, NULL, 5, 29.5, 100),
	(43746, 88, NULL, NULL, NULL, 3, 29.5, 100),
	(43747, 88, NULL, NULL, NULL, 2, 29.5, 100),
	(43748, 88, NULL, NULL, NULL, 1, 29.5, 100),
	(43749, 88, NULL, NULL, NULL, 4, 29.5, 100),
	(43750, 88, NULL, NULL, NULL, 5, 29.5, 100),
	(43751, 88, NULL, NULL, NULL, 3, 29.5, 100),
	(43752, 88, NULL, NULL, NULL, 2, 29.5, 100),
	(43753, 88, NULL, NULL, NULL, 1, 29.5, 100),
	(43754, 88, NULL, NULL, NULL, 4, 29.5, 100),
	(43755, 88, NULL, NULL, NULL, 5, 29.5, 100),
	(43756, 88, NULL, NULL, NULL, 3, 29.5, 100),
	(43757, 88, NULL, NULL, NULL, 2, 29.5, 100),
	(43758, 88, NULL, NULL, NULL, 1, 29.5, 100),
	(43759, 88, NULL, NULL, NULL, 4, 29.5, 100),
	(43760, 88, NULL, NULL, NULL, 5, 29.5, 100),
	(43761, 88, NULL, NULL, NULL, 3, 29.5, 100),
	(43762, 88, NULL, NULL, NULL, 2, 29.5, 100),
	(43763, 88, NULL, NULL, NULL, 1, 29.5, 100),
	(43764, 88, NULL, NULL, NULL, 4, 29.5, 100),
	(43765, 88, NULL, NULL, NULL, 5, 29.5, 100),
	(43766, 89, NULL, NULL, NULL, 3, 28.5, 100),
	(43767, 89, NULL, NULL, NULL, 2, 28.5, 100),
	(43768, 89, NULL, NULL, NULL, 4, 28.5, 100),
	(43769, 89, NULL, NULL, NULL, 5, 28.5, 100),
	(43770, 89, NULL, NULL, NULL, 3, 28.5, 100),
	(43771, 89, NULL, NULL, NULL, 2, 28.5, 100),
	(43772, 89, NULL, NULL, NULL, 4, 28.5, 100),
	(43773, 89, NULL, NULL, NULL, 5, 28.5, 100),
	(43774, 89, NULL, NULL, NULL, 3, 28.5, 100),
	(43775, 89, NULL, NULL, NULL, 2, 28.5, 100),
	(43776, 89, NULL, NULL, NULL, 4, 28.5, 100),
	(43777, 89, NULL, NULL, NULL, 5, 28.5, 100),
	(43778, 89, NULL, NULL, NULL, 3, 28.5, 100),
	(43779, 89, NULL, NULL, NULL, 2, 28.5, 100),
	(43780, 89, NULL, NULL, NULL, 4, 28.5, 100),
	(43781, 89, NULL, NULL, NULL, 5, 28.5, 100),
	(43782, 89, NULL, NULL, NULL, 3, 28.5, 100),
	(43783, 89, NULL, NULL, NULL, 2, 28.5, 100),
	(43784, 89, NULL, NULL, NULL, 4, 28.5, 100),
	(43785, 89, NULL, NULL, NULL, 5, 28.5, 100),
	(43786, 89, NULL, NULL, NULL, 3, 28.5, 100),
	(43787, 89, NULL, NULL, NULL, 2, 28.5, 100),
	(43788, 89, NULL, NULL, NULL, 4, 28.5, 100),
	(43789, 89, NULL, NULL, NULL, 5, 28.5, 100),
	(43790, 89, NULL, NULL, NULL, 3, 28.5, 100),
	(43791, 89, NULL, NULL, NULL, 2, 28.5, 100),
	(43792, 89, NULL, NULL, NULL, 4, 28.5, 100),
	(43793, 89, NULL, NULL, NULL, 5, 28.5, 100),
	(43794, 89, NULL, NULL, NULL, 3, 28.5, 100),
	(43795, 89, NULL, NULL, NULL, 2, 28.5, 100),
	(43796, 89, NULL, NULL, NULL, 4, 28.5, 100),
	(43797, 89, NULL, NULL, NULL, 5, 28.5, 100),
	(43798, 89, NULL, NULL, NULL, 3, 28.5, 100),
	(43799, 89, NULL, NULL, NULL, 2, 28.5, 100),
	(43800, 89, NULL, NULL, NULL, 4, 28.5, 100),
	(43801, 89, NULL, NULL, NULL, 5, 28.5, 100),
	(43802, 89, NULL, NULL, NULL, 3, 28.5, 100),
	(43803, 89, NULL, NULL, NULL, 2, 28.5, 100),
	(43804, 89, NULL, NULL, NULL, 4, 28.5, 100),
	(43805, 89, NULL, NULL, NULL, 5, 28.5, 100),
	(43806, 89, NULL, NULL, NULL, 3, 28.5, 100),
	(43807, 89, NULL, NULL, NULL, 2, 28.5, 100),
	(43808, 89, NULL, NULL, NULL, 4, 28.5, 100),
	(43809, 89, NULL, NULL, NULL, 5, 28.5, 100),
	(43810, 89, NULL, NULL, NULL, 3, 28.5, 100),
	(43811, 89, NULL, NULL, NULL, 2, 28.5, 100),
	(43812, 89, NULL, NULL, NULL, 4, 28.5, 100),
	(43813, 89, NULL, NULL, NULL, 5, 28.5, 100),
	(43814, 89, NULL, NULL, NULL, 3, 28.5, 100),
	(43815, 89, NULL, NULL, NULL, 2, 28.5, 100),
	(43816, 89, NULL, NULL, NULL, 4, 28.5, 100),
	(43817, 89, NULL, NULL, NULL, 5, 28.5, 100),
	(43818, 89, NULL, NULL, NULL, 3, 28.5, 100),
	(43819, 89, NULL, NULL, NULL, 2, 28.5, 100),
	(43820, 89, NULL, NULL, NULL, 4, 28.5, 100),
	(43821, 89, NULL, NULL, NULL, 5, 28.5, 100),
	(43822, 89, NULL, NULL, NULL, 3, 28.5, 100),
	(43823, 89, NULL, NULL, NULL, 2, 28.5, 100),
	(43824, 89, NULL, NULL, NULL, 4, 28.5, 100),
	(43825, 89, NULL, NULL, NULL, 5, 28.5, 100),
	(43826, 89, NULL, NULL, NULL, 3, 28.5, 100),
	(43827, 89, NULL, NULL, NULL, 2, 28.5, 100),
	(43828, 89, NULL, NULL, NULL, 4, 28.5, 100),
	(43829, 89, NULL, NULL, NULL, 5, 28.5, 100),
	(43830, 89, NULL, NULL, NULL, 3, 28.5, 100),
	(43831, 89, NULL, NULL, NULL, 2, 28.5, 100),
	(43832, 89, NULL, NULL, NULL, 4, 28.5, 100),
	(43833, 89, NULL, NULL, NULL, 5, 28.5, 100),
	(43834, 89, NULL, NULL, NULL, 3, 28.5, 100),
	(43835, 89, NULL, NULL, NULL, 2, 28.5, 100),
	(43836, 89, NULL, NULL, NULL, 4, 28.5, 100),
	(43837, 89, NULL, NULL, NULL, 5, 28.5, 100),
	(43838, 89, NULL, NULL, NULL, 3, 28.5, 100),
	(43839, 89, NULL, NULL, NULL, 2, 28.5, 100),
	(43840, 89, NULL, NULL, NULL, 4, 28.5, 100),
	(43841, 89, NULL, NULL, NULL, 5, 28.5, 100),
	(43842, 89, NULL, NULL, NULL, 3, 28.5, 100),
	(43843, 89, NULL, NULL, NULL, 2, 28.5, 100),
	(43844, 89, NULL, NULL, NULL, 4, 28.5, 100),
	(43845, 89, NULL, NULL, NULL, 5, 28.5, 100),
	(43846, 89, NULL, NULL, NULL, 3, 28.5, 100),
	(43847, 89, NULL, NULL, NULL, 2, 28.5, 100),
	(43848, 89, NULL, NULL, NULL, 4, 28.5, 100),
	(43849, 89, NULL, NULL, NULL, 5, 28.5, 100),
	(43850, 89, NULL, NULL, NULL, 3, 28.5, 100),
	(43851, 89, NULL, NULL, NULL, 2, 28.5, 100),
	(43852, 89, NULL, NULL, NULL, 4, 28.5, 100),
	(43853, 89, NULL, NULL, NULL, 5, 28.5, 100),
	(43854, 89, NULL, NULL, NULL, 3, 28.5, 100),
	(43855, 89, NULL, NULL, NULL, 2, 28.5, 100),
	(43856, 89, NULL, NULL, NULL, 4, 28.5, 100),
	(43857, 89, NULL, NULL, NULL, 5, 28.5, 100),
	(43858, 89, NULL, NULL, NULL, 3, 28.5, 100),
	(43859, 89, NULL, NULL, NULL, 2, 28.5, 100),
	(43860, 89, NULL, NULL, NULL, 4, 28.5, 100),
	(43861, 89, NULL, NULL, NULL, 5, 28.5, 100),
	(43862, 89, NULL, NULL, NULL, 3, 28.5, 100),
	(43863, 89, NULL, NULL, NULL, 2, 28.5, 100),
	(43864, 89, NULL, NULL, NULL, 4, 28.5, 100),
	(43865, 89, NULL, NULL, NULL, 5, 28.5, 100),
	(43866, 89, NULL, NULL, NULL, 3, 28.5, 100),
	(43867, 89, NULL, NULL, NULL, 2, 28.5, 100),
	(43868, 89, NULL, NULL, NULL, 4, 28.5, 100),
	(43869, 89, NULL, NULL, NULL, 5, 28.5, 100),
	(43870, 89, NULL, NULL, NULL, 3, 28.5, 100),
	(43871, 89, NULL, NULL, NULL, 2, 28.5, 100),
	(43872, 89, NULL, NULL, NULL, 4, 28.5, 100),
	(43873, 89, NULL, NULL, NULL, 5, 28.5, 100),
	(43874, 89, NULL, NULL, NULL, 3, 28.5, 100),
	(43875, 89, NULL, NULL, NULL, 2, 28.5, 100),
	(43876, 89, NULL, NULL, NULL, 4, 28.5, 100),
	(43877, 89, NULL, NULL, NULL, 5, 28.5, 100),
	(43878, 89, NULL, NULL, NULL, 3, 28.5, 100),
	(43879, 89, NULL, NULL, NULL, 2, 28.5, 100),
	(43880, 89, NULL, NULL, NULL, 4, 28.5, 100),
	(43881, 89, NULL, NULL, NULL, 5, 28.5, 100),
	(43882, 89, NULL, NULL, NULL, 3, 28.5, 100),
	(43883, 89, NULL, NULL, NULL, 2, 28.5, 100),
	(43884, 89, NULL, NULL, NULL, 4, 28.5, 100),
	(43885, 89, NULL, NULL, NULL, 5, 28.5, 100),
	(43886, 89, NULL, NULL, NULL, 3, 28.5, 100),
	(43887, 89, NULL, NULL, NULL, 2, 28.5, 100),
	(43888, 89, NULL, NULL, NULL, 4, 28.5, 100),
	(43889, 89, NULL, NULL, NULL, 5, 28.5, 100),
	(43890, 89, NULL, NULL, NULL, 3, 28.5, 100),
	(43891, 89, NULL, NULL, NULL, 2, 28.5, 100),
	(43892, 89, NULL, NULL, NULL, 4, 28.5, 100),
	(43893, 89, NULL, NULL, NULL, 5, 28.5, 100),
	(43894, 89, NULL, NULL, NULL, 3, 28.5, 100),
	(43895, 89, NULL, NULL, NULL, 2, 28.5, 100),
	(43896, 89, NULL, NULL, NULL, 4, 28.5, 100),
	(43897, 89, NULL, NULL, NULL, 5, 28.5, 100),
	(43898, 89, NULL, NULL, NULL, 3, 28.5, 100),
	(43899, 89, NULL, NULL, NULL, 2, 28.5, 100),
	(43900, 89, NULL, NULL, NULL, 4, 28.5, 100),
	(43901, 89, NULL, NULL, NULL, 5, 28.5, 100),
	(43902, 89, NULL, NULL, NULL, 3, 28.5, 100),
	(43903, 89, NULL, NULL, NULL, 2, 28.5, 100),
	(43904, 89, NULL, NULL, NULL, 4, 28.5, 100),
	(43905, 89, NULL, NULL, NULL, 5, 28.5, 100),
	(43906, 89, NULL, NULL, NULL, 3, 28.5, 100),
	(43907, 89, NULL, NULL, NULL, 2, 28.5, 100),
	(43908, 89, NULL, NULL, NULL, 4, 28.5, 100),
	(43909, 89, NULL, NULL, NULL, 5, 28.5, 100),
	(43910, 89, NULL, NULL, NULL, 3, 28.5, 100),
	(43911, 89, NULL, NULL, NULL, 2, 28.5, 100),
	(43912, 89, NULL, NULL, NULL, 4, 28.5, 100),
	(43913, 89, NULL, NULL, NULL, 5, 28.5, 100),
	(43914, 89, NULL, NULL, NULL, 3, 28.5, 100),
	(43915, 89, NULL, NULL, NULL, 2, 28.5, 100),
	(43916, 89, NULL, NULL, NULL, 4, 28.5, 100),
	(43917, 89, NULL, NULL, NULL, 5, 28.5, 100),
	(43918, 89, NULL, NULL, NULL, 3, 28.5, 100),
	(43919, 89, NULL, NULL, NULL, 2, 28.5, 100),
	(43920, 89, NULL, NULL, NULL, 4, 28.5, 100),
	(43921, 89, NULL, NULL, NULL, 5, 28.5, 100),
	(43922, 89, NULL, NULL, NULL, 3, 28.5, 100),
	(43923, 89, NULL, NULL, NULL, 2, 28.5, 100),
	(43924, 89, NULL, NULL, NULL, 4, 28.5, 100),
	(43925, 89, NULL, NULL, NULL, 5, 28.5, 100),
	(43926, 89, NULL, NULL, NULL, 3, 28.5, 100),
	(43927, 89, NULL, NULL, NULL, 2, 28.5, 100),
	(43928, 89, NULL, NULL, NULL, 4, 28.5, 100),
	(43929, 89, NULL, NULL, NULL, 5, 28.5, 100),
	(43930, 89, NULL, NULL, NULL, 3, 28.5, 100),
	(43931, 89, NULL, NULL, NULL, 2, 28.5, 100),
	(43932, 89, NULL, NULL, NULL, 4, 28.5, 100),
	(43933, 89, NULL, NULL, NULL, 5, 28.5, 100),
	(43934, 89, NULL, NULL, NULL, 3, 28.5, 100),
	(43935, 89, NULL, NULL, NULL, 2, 28.5, 100),
	(43936, 89, NULL, NULL, NULL, 4, 28.5, 100),
	(43937, 89, NULL, NULL, NULL, 5, 28.5, 100),
	(43938, 89, NULL, NULL, NULL, 3, 28.5, 100),
	(43939, 89, NULL, NULL, NULL, 2, 28.5, 100),
	(43940, 89, NULL, NULL, NULL, 4, 28.5, 100),
	(43941, 89, NULL, NULL, NULL, 5, 28.5, 100),
	(43942, 89, NULL, NULL, NULL, 3, 28.5, 100),
	(43943, 89, NULL, NULL, NULL, 2, 28.5, 100),
	(43944, 89, NULL, NULL, NULL, 4, 28.5, 100),
	(43945, 89, NULL, NULL, NULL, 5, 28.5, 100),
	(43946, 89, NULL, NULL, NULL, 3, 28.5, 100),
	(43947, 89, NULL, NULL, NULL, 2, 28.5, 100),
	(43948, 89, NULL, NULL, NULL, 4, 28.5, 100),
	(43949, 89, NULL, NULL, NULL, 5, 28.5, 100),
	(43950, 89, NULL, NULL, NULL, 3, 28.5, 100),
	(43951, 89, NULL, NULL, NULL, 2, 28.5, 100),
	(43952, 89, NULL, NULL, NULL, 4, 28.5, 100),
	(43953, 89, NULL, NULL, NULL, 5, 28.5, 100),
	(43954, 89, NULL, NULL, NULL, 3, 28.5, 100),
	(43955, 89, NULL, NULL, NULL, 2, 28.5, 100),
	(43956, 89, NULL, NULL, NULL, 4, 28.5, 100),
	(43957, 89, NULL, NULL, NULL, 5, 28.5, 100),
	(43958, 89, NULL, NULL, NULL, 3, 28.5, 100),
	(43959, 89, NULL, NULL, NULL, 2, 28.5, 100),
	(43960, 89, NULL, NULL, NULL, 4, 28.5, 100),
	(43961, 89, NULL, NULL, NULL, 5, 28.5, 100),
	(43962, 89, NULL, NULL, NULL, 3, 28.5, 100),
	(43963, 89, NULL, NULL, NULL, 2, 28.5, 100),
	(43964, 89, NULL, NULL, NULL, 4, 28.5, 100),
	(43965, 89, NULL, NULL, NULL, 5, 28.5, 100),
	(43966, 89, NULL, NULL, NULL, 3, 28.5, 100),
	(43967, 89, NULL, NULL, NULL, 2, 28.5, 100),
	(43968, 89, NULL, NULL, NULL, 4, 28.5, 100),
	(43969, 89, NULL, NULL, NULL, 5, 28.5, 100),
	(43970, 89, NULL, NULL, NULL, 3, 28.5, 100),
	(43971, 89, NULL, NULL, NULL, 2, 28.5, 100),
	(43972, 89, NULL, NULL, NULL, 4, 28.5, 100),
	(43973, 89, NULL, NULL, NULL, 5, 28.5, 100),
	(43974, 89, NULL, NULL, NULL, 3, 28.5, 100),
	(43975, 89, NULL, NULL, NULL, 2, 28.5, 100),
	(43976, 89, NULL, NULL, NULL, 4, 28.5, 100),
	(43977, 89, NULL, NULL, NULL, 5, 28.5, 100),
	(43978, 89, NULL, NULL, NULL, 3, 28.5, 100),
	(43979, 89, NULL, NULL, NULL, 2, 28.5, 100),
	(43980, 89, NULL, NULL, NULL, 4, 28.5, 100),
	(43981, 89, NULL, NULL, NULL, 5, 28.5, 100),
	(43982, 89, NULL, NULL, NULL, 3, 28.5, 100),
	(43983, 89, NULL, NULL, NULL, 2, 28.5, 100),
	(43984, 89, NULL, NULL, NULL, 4, 28.5, 100),
	(43985, 89, NULL, NULL, NULL, 5, 28.5, 100),
	(43986, 89, NULL, NULL, NULL, 3, 28.5, 100),
	(43987, 89, NULL, NULL, NULL, 2, 28.5, 100),
	(43988, 89, NULL, NULL, NULL, 4, 28.5, 100),
	(43989, 89, NULL, NULL, NULL, 5, 28.5, 100),
	(43990, 89, NULL, NULL, NULL, 3, 28.5, 100),
	(43991, 89, NULL, NULL, NULL, 2, 28.5, 100),
	(43992, 89, NULL, NULL, NULL, 4, 28.5, 100),
	(43993, 89, NULL, NULL, NULL, 5, 28.5, 100),
	(43994, 89, NULL, NULL, NULL, 3, 28.5, 100),
	(43995, 89, NULL, NULL, NULL, 2, 28.5, 100),
	(43996, 89, NULL, NULL, NULL, 4, 28.5, 100),
	(43997, 89, NULL, NULL, NULL, 5, 28.5, 100),
	(43998, 89, NULL, NULL, NULL, 3, 28.5, 100),
	(43999, 89, NULL, NULL, NULL, 2, 28.5, 100),
	(44000, 89, NULL, NULL, NULL, 4, 28.5, 100),
	(44001, 89, NULL, NULL, NULL, 5, 28.5, 100),
	(44002, 89, NULL, NULL, NULL, 3, 28.5, 100),
	(44003, 89, NULL, NULL, NULL, 2, 28.5, 100),
	(44004, 89, NULL, NULL, NULL, 4, 28.5, 100),
	(44005, 89, NULL, NULL, NULL, 5, 28.5, 100),
	(44006, 89, NULL, NULL, NULL, 3, 28.5, 100),
	(44007, 89, NULL, NULL, NULL, 2, 28.5, 100),
	(44008, 89, NULL, NULL, NULL, 4, 28.5, 100),
	(44009, 89, NULL, NULL, NULL, 5, 28.5, 100),
	(44010, 89, NULL, NULL, NULL, 3, 28.5, 100),
	(44011, 89, NULL, NULL, NULL, 2, 28.5, 100),
	(44012, 89, NULL, NULL, NULL, 4, 28.5, 100),
	(44013, 89, NULL, NULL, NULL, 5, 28.5, 100),
	(44014, 89, NULL, NULL, NULL, 3, 28.5, 100),
	(44015, 89, NULL, NULL, NULL, 2, 28.5, 100),
	(44016, 89, NULL, NULL, NULL, 4, 28.5, 100),
	(44017, 89, NULL, NULL, NULL, 5, 28.5, 100),
	(44018, 89, NULL, NULL, NULL, 3, 28.5, 100),
	(44019, 89, NULL, NULL, NULL, 2, 28.5, 100),
	(44020, 89, NULL, NULL, NULL, 4, 28.5, 100),
	(44021, 89, NULL, NULL, NULL, 5, 28.5, 100),
	(44022, 90, NULL, NULL, NULL, 3, 28.5, 100),
	(44023, 90, NULL, NULL, NULL, 2, 28.5, 100),
	(44024, 90, NULL, NULL, NULL, 1, 28.5, 100),
	(44025, 90, NULL, NULL, NULL, 4, 28.5, 100),
	(44026, 90, NULL, NULL, NULL, 5, 28.5, 100),
	(44027, 90, NULL, NULL, NULL, 3, 28.5, 100),
	(44028, 90, NULL, NULL, NULL, 2, 28.5, 100),
	(44029, 90, NULL, NULL, NULL, 1, 28.5, 100),
	(44030, 90, NULL, NULL, NULL, 4, 28.5, 100),
	(44031, 90, NULL, NULL, NULL, 5, 28.5, 100),
	(44032, 90, NULL, NULL, NULL, 3, 28.5, 100),
	(44033, 90, NULL, NULL, NULL, 2, 28.5, 100),
	(44034, 90, NULL, NULL, NULL, 1, 28.5, 100),
	(44035, 90, NULL, NULL, NULL, 4, 28.5, 100),
	(44036, 90, NULL, NULL, NULL, 5, 28.5, 100),
	(44037, 90, NULL, NULL, NULL, 3, 28.5, 100),
	(44038, 90, NULL, NULL, NULL, 2, 28.5, 100),
	(44039, 90, NULL, NULL, NULL, 1, 28.5, 100),
	(44040, 90, NULL, NULL, NULL, 4, 28.5, 100),
	(44041, 90, NULL, NULL, NULL, 5, 28.5, 100),
	(44042, 90, NULL, NULL, NULL, 3, 28.5, 100),
	(44043, 90, NULL, NULL, NULL, 2, 28.5, 100),
	(44044, 90, NULL, NULL, NULL, 1, 28.5, 100),
	(44045, 90, NULL, NULL, NULL, 4, 28.5, 100),
	(44046, 90, NULL, NULL, NULL, 5, 28.5, 100),
	(44047, 90, NULL, NULL, NULL, 3, 28.5, 100),
	(44048, 90, NULL, NULL, NULL, 2, 28.5, 100),
	(44049, 90, NULL, NULL, NULL, 1, 28.5, 100),
	(44050, 90, NULL, NULL, NULL, 4, 28.5, 100),
	(44051, 90, NULL, NULL, NULL, 5, 28.5, 100),
	(44052, 90, NULL, NULL, NULL, 3, 28.5, 100),
	(44053, 90, NULL, NULL, NULL, 2, 28.5, 100),
	(44054, 90, NULL, NULL, NULL, 1, 28.5, 100),
	(44055, 90, NULL, NULL, NULL, 4, 28.5, 100),
	(44056, 90, NULL, NULL, NULL, 5, 28.5, 100),
	(44057, 90, NULL, NULL, NULL, 3, 28.5, 100),
	(44058, 90, NULL, NULL, NULL, 2, 28.5, 100),
	(44059, 90, NULL, NULL, NULL, 1, 28.5, 100),
	(44060, 90, NULL, NULL, NULL, 4, 28.5, 100),
	(44061, 90, NULL, NULL, NULL, 5, 28.5, 100),
	(44062, 90, NULL, NULL, NULL, 3, 28.5, 100),
	(44063, 90, NULL, NULL, NULL, 2, 28.5, 100),
	(44064, 90, NULL, NULL, NULL, 1, 28.5, 100),
	(44065, 90, NULL, NULL, NULL, 4, 28.5, 100),
	(44066, 90, NULL, NULL, NULL, 5, 28.5, 100),
	(44067, 90, NULL, NULL, NULL, 3, 28.5, 100),
	(44068, 90, NULL, NULL, NULL, 2, 28.5, 100),
	(44069, 90, NULL, NULL, NULL, 1, 28.5, 100),
	(44070, 90, NULL, NULL, NULL, 4, 28.5, 100),
	(44071, 90, NULL, NULL, NULL, 5, 28.5, 100),
	(44072, 90, NULL, NULL, NULL, 3, 28.5, 100),
	(44073, 90, NULL, NULL, NULL, 2, 28.5, 100),
	(44074, 90, NULL, NULL, NULL, 1, 28.5, 100),
	(44075, 90, NULL, NULL, NULL, 4, 28.5, 100),
	(44076, 90, NULL, NULL, NULL, 5, 28.5, 100),
	(44077, 90, NULL, NULL, NULL, 3, 28.5, 100),
	(44078, 90, NULL, NULL, NULL, 2, 28.5, 100),
	(44079, 90, NULL, NULL, NULL, 1, 28.5, 100),
	(44080, 90, NULL, NULL, NULL, 4, 28.5, 100),
	(44081, 90, NULL, NULL, NULL, 5, 28.5, 100),
	(44082, 90, NULL, NULL, NULL, 3, 28.5, 100),
	(44083, 90, NULL, NULL, NULL, 2, 28.5, 100),
	(44084, 90, NULL, NULL, NULL, 1, 28.5, 100),
	(44085, 90, NULL, NULL, NULL, 4, 28.5, 100),
	(44086, 90, NULL, NULL, NULL, 5, 28.5, 100),
	(44087, 90, NULL, NULL, NULL, 3, 28.5, 100),
	(44088, 90, NULL, NULL, NULL, 2, 28.5, 100),
	(44089, 90, NULL, NULL, NULL, 1, 28.5, 100),
	(44090, 90, NULL, NULL, NULL, 4, 28.5, 100),
	(44091, 90, NULL, NULL, NULL, 5, 28.5, 100),
	(44092, 90, NULL, NULL, NULL, 3, 28.5, 100),
	(44093, 90, NULL, NULL, NULL, 2, 28.5, 100),
	(44094, 90, NULL, NULL, NULL, 1, 28.5, 100),
	(44095, 90, NULL, NULL, NULL, 4, 28.5, 100),
	(44096, 90, NULL, NULL, NULL, 5, 28.5, 100),
	(44097, 90, NULL, NULL, NULL, 3, 28.5, 100),
	(44098, 90, NULL, NULL, NULL, 2, 28.5, 100),
	(44099, 90, NULL, NULL, NULL, 1, 28.5, 100),
	(44100, 90, NULL, NULL, NULL, 4, 28.5, 100),
	(44101, 90, NULL, NULL, NULL, 5, 28.5, 100),
	(44102, 90, NULL, NULL, NULL, 3, 28.5, 100),
	(44103, 90, NULL, NULL, NULL, 2, 28.5, 100),
	(44104, 90, NULL, NULL, NULL, 1, 28.5, 100),
	(44105, 90, NULL, NULL, NULL, 4, 28.5, 100),
	(44106, 90, NULL, NULL, NULL, 5, 28.5, 100),
	(44107, 90, NULL, NULL, NULL, 3, 28.5, 100),
	(44108, 90, NULL, NULL, NULL, 2, 28.5, 100),
	(44109, 90, NULL, NULL, NULL, 1, 28.5, 100),
	(44110, 90, NULL, NULL, NULL, 4, 28.5, 100),
	(44111, 90, NULL, NULL, NULL, 5, 28.5, 100),
	(44112, 90, NULL, NULL, NULL, 3, 28.5, 100),
	(44113, 90, NULL, NULL, NULL, 2, 28.5, 100),
	(44114, 90, NULL, NULL, NULL, 1, 28.5, 100),
	(44115, 90, NULL, NULL, NULL, 4, 28.5, 100),
	(44116, 90, NULL, NULL, NULL, 5, 28.5, 100),
	(44117, 90, NULL, NULL, NULL, 3, 28.5, 100),
	(44118, 90, NULL, NULL, NULL, 2, 28.5, 100),
	(44119, 90, NULL, NULL, NULL, 1, 28.5, 100),
	(44120, 90, NULL, NULL, NULL, 4, 28.5, 100),
	(44121, 90, NULL, NULL, NULL, 5, 28.5, 100),
	(44122, 90, NULL, NULL, NULL, 3, 28.5, 100),
	(44123, 90, NULL, NULL, NULL, 2, 28.5, 100),
	(44124, 90, NULL, NULL, NULL, 1, 28.5, 100),
	(44125, 90, NULL, NULL, NULL, 4, 28.5, 100),
	(44126, 90, NULL, NULL, NULL, 5, 28.5, 100),
	(44127, 90, NULL, NULL, NULL, 3, 28.5, 100),
	(44128, 90, NULL, NULL, NULL, 2, 28.5, 100),
	(44129, 90, NULL, NULL, NULL, 1, 28.5, 100),
	(44130, 90, NULL, NULL, NULL, 4, 28.5, 100),
	(44131, 90, NULL, NULL, NULL, 5, 28.5, 100),
	(44132, 90, NULL, NULL, NULL, 3, 28.5, 100),
	(44133, 90, NULL, NULL, NULL, 2, 28.5, 100),
	(44134, 90, NULL, NULL, NULL, 1, 28.5, 100),
	(44135, 90, NULL, NULL, NULL, 4, 28.5, 100),
	(44136, 90, NULL, NULL, NULL, 5, 28.5, 100),
	(44137, 90, NULL, NULL, NULL, 3, 28.5, 100),
	(44138, 90, NULL, NULL, NULL, 2, 28.5, 100),
	(44139, 90, NULL, NULL, NULL, 1, 28.5, 100),
	(44140, 90, NULL, NULL, NULL, 4, 28.5, 100),
	(44141, 90, NULL, NULL, NULL, 5, 28.5, 100),
	(44142, 90, NULL, NULL, NULL, 3, 28.5, 100),
	(44143, 90, NULL, NULL, NULL, 2, 28.5, 100),
	(44144, 90, NULL, NULL, NULL, 1, 28.5, 100),
	(44145, 90, NULL, NULL, NULL, 4, 28.5, 100),
	(44146, 90, NULL, NULL, NULL, 5, 28.5, 100),
	(44147, 90, NULL, NULL, NULL, 3, 28.5, 100),
	(44148, 90, NULL, NULL, NULL, 2, 28.5, 100),
	(44149, 90, NULL, NULL, NULL, 1, 28.5, 100),
	(44150, 90, NULL, NULL, NULL, 4, 28.5, 100),
	(44151, 90, NULL, NULL, NULL, 5, 28.5, 100),
	(44152, 90, NULL, NULL, NULL, 3, 28.5, 100),
	(44153, 90, NULL, NULL, NULL, 2, 28.5, 100),
	(44154, 90, NULL, NULL, NULL, 1, 28.5, 100),
	(44155, 90, NULL, NULL, NULL, 4, 28.5, 100),
	(44156, 90, NULL, NULL, NULL, 5, 28.5, 100),
	(44157, 90, NULL, NULL, NULL, 3, 28.5, 100),
	(44158, 90, NULL, NULL, NULL, 2, 28.5, 100),
	(44159, 90, NULL, NULL, NULL, 1, 28.5, 100),
	(44160, 90, NULL, NULL, NULL, 4, 28.5, 100),
	(44161, 90, NULL, NULL, NULL, 5, 28.5, 100),
	(44162, 90, NULL, NULL, NULL, 3, 28.5, 100),
	(44163, 90, NULL, NULL, NULL, 2, 28.5, 100),
	(44164, 90, NULL, NULL, NULL, 1, 28.5, 100),
	(44165, 90, NULL, NULL, NULL, 4, 28.5, 100),
	(44166, 90, NULL, NULL, NULL, 5, 28.5, 100),
	(44167, 90, NULL, NULL, NULL, 3, 28.5, 100),
	(44168, 90, NULL, NULL, NULL, 2, 28.5, 100),
	(44169, 90, NULL, NULL, NULL, 1, 28.5, 100),
	(44170, 90, NULL, NULL, NULL, 4, 28.5, 100),
	(44171, 90, NULL, NULL, NULL, 5, 28.5, 100),
	(44172, 90, NULL, NULL, NULL, 3, 28.5, 100),
	(44173, 90, NULL, NULL, NULL, 2, 28.5, 100),
	(44174, 90, NULL, NULL, NULL, 1, 28.5, 100),
	(44175, 90, NULL, NULL, NULL, 4, 28.5, 100),
	(44176, 90, NULL, NULL, NULL, 5, 28.5, 100),
	(44177, 90, NULL, NULL, NULL, 3, 28.5, 100),
	(44178, 90, NULL, NULL, NULL, 2, 28.5, 100),
	(44179, 90, NULL, NULL, NULL, 1, 28.5, 100),
	(44180, 90, NULL, NULL, NULL, 4, 28.5, 100),
	(44181, 90, NULL, NULL, NULL, 5, 28.5, 100),
	(44182, 90, NULL, NULL, NULL, 3, 28.5, 100),
	(44183, 90, NULL, NULL, NULL, 2, 28.5, 100),
	(44184, 90, NULL, NULL, NULL, 1, 28.5, 100),
	(44185, 90, NULL, NULL, NULL, 4, 28.5, 100),
	(44186, 90, NULL, NULL, NULL, 5, 28.5, 100),
	(44187, 90, NULL, NULL, NULL, 3, 28.5, 100),
	(44188, 90, NULL, NULL, NULL, 2, 28.5, 100),
	(44189, 90, NULL, NULL, NULL, 1, 28.5, 100),
	(44190, 90, NULL, NULL, NULL, 4, 28.5, 100),
	(44191, 90, NULL, NULL, NULL, 5, 28.5, 100),
	(44192, 90, NULL, NULL, NULL, 3, 28.5, 100),
	(44193, 90, NULL, NULL, NULL, 2, 28.5, 100),
	(44194, 90, NULL, NULL, NULL, 1, 28.5, 100),
	(44195, 90, NULL, NULL, NULL, 4, 28.5, 100),
	(44196, 90, NULL, NULL, NULL, 5, 28.5, 100),
	(44197, 90, NULL, NULL, NULL, 3, 28.5, 100),
	(44198, 90, NULL, NULL, NULL, 2, 28.5, 100),
	(44199, 90, NULL, NULL, NULL, 1, 28.5, 100),
	(44200, 90, NULL, NULL, NULL, 4, 28.5, 100),
	(44201, 90, NULL, NULL, NULL, 5, 28.5, 100),
	(44202, 90, NULL, NULL, NULL, 3, 28.5, 100),
	(44203, 90, NULL, NULL, NULL, 2, 28.5, 100),
	(44204, 90, NULL, NULL, NULL, 1, 28.5, 100),
	(44205, 90, NULL, NULL, NULL, 4, 28.5, 100),
	(44206, 90, NULL, NULL, NULL, 5, 28.5, 100),
	(44207, 90, NULL, NULL, NULL, 3, 28.5, 100),
	(44208, 90, NULL, NULL, NULL, 2, 28.5, 100),
	(44209, 90, NULL, NULL, NULL, 1, 28.5, 100),
	(44210, 90, NULL, NULL, NULL, 4, 28.5, 100),
	(44211, 90, NULL, NULL, NULL, 5, 28.5, 100),
	(44212, 90, NULL, NULL, NULL, 3, 28.5, 100),
	(44213, 90, NULL, NULL, NULL, 2, 28.5, 100),
	(44214, 90, NULL, NULL, NULL, 1, 28.5, 100),
	(44215, 90, NULL, NULL, NULL, 4, 28.5, 100),
	(44216, 90, NULL, NULL, NULL, 5, 28.5, 100),
	(44217, 90, NULL, NULL, NULL, 3, 28.5, 100),
	(44218, 90, NULL, NULL, NULL, 2, 28.5, 100),
	(44219, 90, NULL, NULL, NULL, 1, 28.5, 100),
	(44220, 90, NULL, NULL, NULL, 4, 28.5, 100),
	(44221, 90, NULL, NULL, NULL, 5, 28.5, 100),
	(44222, 90, NULL, NULL, NULL, 3, 28.5, 100),
	(44223, 90, NULL, NULL, NULL, 2, 28.5, 100),
	(44224, 90, NULL, NULL, NULL, 1, 28.5, 100),
	(44225, 90, NULL, NULL, NULL, 4, 28.5, 100),
	(44226, 90, NULL, NULL, NULL, 5, 28.5, 100),
	(44227, 90, NULL, NULL, NULL, 3, 28.5, 100),
	(44228, 90, NULL, NULL, NULL, 2, 28.5, 100),
	(44229, 90, NULL, NULL, NULL, 1, 28.5, 100),
	(44230, 90, NULL, NULL, NULL, 4, 28.5, 100),
	(44231, 90, NULL, NULL, NULL, 5, 28.5, 100),
	(44232, 90, NULL, NULL, NULL, 3, 28.5, 100),
	(44233, 90, NULL, NULL, NULL, 2, 28.5, 100),
	(44234, 90, NULL, NULL, NULL, 1, 28.5, 100),
	(44235, 90, NULL, NULL, NULL, 4, 28.5, 100),
	(44236, 90, NULL, NULL, NULL, 5, 28.5, 100),
	(44237, 90, NULL, NULL, NULL, 3, 28.5, 100),
	(44238, 90, NULL, NULL, NULL, 2, 28.5, 100),
	(44239, 90, NULL, NULL, NULL, 1, 28.5, 100),
	(44240, 90, NULL, NULL, NULL, 4, 28.5, 100),
	(44241, 90, NULL, NULL, NULL, 5, 28.5, 100),
	(44242, 90, NULL, NULL, NULL, 3, 28.5, 100),
	(44243, 90, NULL, NULL, NULL, 2, 28.5, 100),
	(44244, 90, NULL, NULL, NULL, 1, 28.5, 100),
	(44245, 90, NULL, NULL, NULL, 4, 28.5, 100),
	(44246, 90, NULL, NULL, NULL, 5, 28.5, 100),
	(44247, 90, NULL, NULL, NULL, 3, 28.5, 100),
	(44248, 90, NULL, NULL, NULL, 2, 28.5, 100),
	(44249, 90, NULL, NULL, NULL, 1, 28.5, 100),
	(44250, 90, NULL, NULL, NULL, 4, 28.5, 100),
	(44251, 90, NULL, NULL, NULL, 5, 28.5, 100),
	(44252, 90, NULL, NULL, NULL, 3, 28.5, 100),
	(44253, 90, NULL, NULL, NULL, 2, 28.5, 100),
	(44254, 90, NULL, NULL, NULL, 1, 28.5, 100),
	(44255, 90, NULL, NULL, NULL, 4, 28.5, 100),
	(44256, 90, NULL, NULL, NULL, 5, 28.5, 100),
	(44257, 90, NULL, NULL, NULL, 3, 28.5, 100),
	(44258, 90, NULL, NULL, NULL, 2, 28.5, 100),
	(44259, 90, NULL, NULL, NULL, 1, 28.5, 100),
	(44260, 90, NULL, NULL, NULL, 4, 28.5, 100),
	(44261, 90, NULL, NULL, NULL, 5, 28.5, 100),
	(44262, 90, NULL, NULL, NULL, 3, 28.5, 100),
	(44263, 90, NULL, NULL, NULL, 2, 28.5, 100),
	(44264, 90, NULL, NULL, NULL, 1, 28.5, 100),
	(44265, 90, NULL, NULL, NULL, 4, 28.5, 100),
	(44266, 90, NULL, NULL, NULL, 5, 28.5, 100),
	(44267, 90, NULL, NULL, NULL, 3, 28.5, 100),
	(44268, 90, NULL, NULL, NULL, 2, 28.5, 100),
	(44269, 90, NULL, NULL, NULL, 1, 28.5, 100),
	(44270, 90, NULL, NULL, NULL, 4, 28.5, 100),
	(44271, 90, NULL, NULL, NULL, 5, 28.5, 100),
	(44272, 90, NULL, NULL, NULL, 3, 28.5, 100),
	(44273, 90, NULL, NULL, NULL, 2, 28.5, 100),
	(44274, 90, NULL, NULL, NULL, 1, 28.5, 100),
	(44275, 90, NULL, NULL, NULL, 4, 28.5, 100),
	(44276, 90, NULL, NULL, NULL, 5, 28.5, 100),
	(44277, 90, NULL, NULL, NULL, 3, 28.5, 100),
	(44278, 90, NULL, NULL, NULL, 2, 28.5, 100),
	(44279, 90, NULL, NULL, NULL, 1, 28.5, 100),
	(44280, 90, NULL, NULL, NULL, 4, 28.5, 100),
	(44281, 90, NULL, NULL, NULL, 5, 28.5, 100),
	(44282, 90, NULL, NULL, NULL, 3, 28.5, 100),
	(44283, 90, NULL, NULL, NULL, 2, 28.5, 100),
	(44284, 90, NULL, NULL, NULL, 1, 28.5, 100),
	(44285, 90, NULL, NULL, NULL, 4, 28.5, 100),
	(44286, 90, NULL, NULL, NULL, 5, 28.5, 100),
	(44287, 90, NULL, NULL, NULL, 3, 28.5, 100),
	(44288, 90, NULL, NULL, NULL, 2, 28.5, 100),
	(44289, 90, NULL, NULL, NULL, 1, 28.5, 100),
	(44290, 90, NULL, NULL, NULL, 4, 28.5, 100),
	(44291, 90, NULL, NULL, NULL, 5, 28.5, 100),
	(44292, 90, NULL, NULL, NULL, 3, 28.5, 100),
	(44293, 90, NULL, NULL, NULL, 2, 28.5, 100),
	(44294, 90, NULL, NULL, NULL, 1, 28.5, 100),
	(44295, 90, NULL, NULL, NULL, 4, 28.5, 100),
	(44296, 90, NULL, NULL, NULL, 5, 28.5, 100),
	(44297, 90, NULL, NULL, NULL, 3, 28.5, 100),
	(44298, 90, NULL, NULL, NULL, 2, 28.5, 100),
	(44299, 90, NULL, NULL, NULL, 1, 28.5, 100),
	(44300, 90, NULL, NULL, NULL, 4, 28.5, 100),
	(44301, 90, NULL, NULL, NULL, 5, 28.5, 100),
	(44302, 90, NULL, NULL, NULL, 3, 28.5, 100),
	(44303, 90, NULL, NULL, NULL, 2, 28.5, 100),
	(44304, 90, NULL, NULL, NULL, 1, 28.5, 100),
	(44305, 90, NULL, NULL, NULL, 4, 28.5, 100),
	(44306, 90, NULL, NULL, NULL, 5, 28.5, 100),
	(44307, 90, NULL, NULL, NULL, 3, 28.5, 100),
	(44308, 90, NULL, NULL, NULL, 2, 28.5, 100),
	(44309, 90, NULL, NULL, NULL, 1, 28.5, 100),
	(44310, 90, NULL, NULL, NULL, 4, 28.5, 100),
	(44311, 90, NULL, NULL, NULL, 5, 28.5, 100),
	(44312, 90, NULL, NULL, NULL, 3, 28.5, 100),
	(44313, 90, NULL, NULL, NULL, 2, 28.5, 100),
	(44314, 90, NULL, NULL, NULL, 1, 28.5, 100),
	(44315, 90, NULL, NULL, NULL, 4, 28.5, 100),
	(44316, 90, NULL, NULL, NULL, 5, 28.5, 100),
	(44317, 90, NULL, NULL, NULL, 3, 28.5, 100),
	(44318, 90, NULL, NULL, NULL, 2, 28.5, 100),
	(44319, 90, NULL, NULL, NULL, 1, 28.5, 100),
	(44320, 90, NULL, NULL, NULL, 4, 28.5, 100),
	(44321, 90, NULL, NULL, NULL, 5, 28.5, 100),
	(44322, 90, NULL, NULL, NULL, 3, 28.5, 100),
	(44323, 90, NULL, NULL, NULL, 2, 28.5, 100),
	(44324, 90, NULL, NULL, NULL, 1, 28.5, 100),
	(44325, 90, NULL, NULL, NULL, 4, 28.5, 100),
	(44326, 90, NULL, NULL, NULL, 5, 28.5, 100),
	(44327, 90, NULL, NULL, NULL, 3, 28.5, 100),
	(44328, 90, NULL, NULL, NULL, 2, 28.5, 100),
	(44329, 90, NULL, NULL, NULL, 1, 28.5, 100),
	(44330, 90, NULL, NULL, NULL, 4, 28.5, 100),
	(44331, 90, NULL, NULL, NULL, 5, 28.5, 100),
	(44332, 90, NULL, NULL, NULL, 3, 28.5, 100),
	(44333, 90, NULL, NULL, NULL, 2, 28.5, 100),
	(44334, 90, NULL, NULL, NULL, 1, 28.5, 100),
	(44335, 90, NULL, NULL, NULL, 4, 28.5, 100),
	(44336, 90, NULL, NULL, NULL, 5, 28.5, 100),
	(44337, 90, NULL, NULL, NULL, 3, 28.5, 100),
	(44338, 90, NULL, NULL, NULL, 2, 28.5, 100),
	(44339, 90, NULL, NULL, NULL, 1, 28.5, 100),
	(44340, 90, NULL, NULL, NULL, 4, 28.5, 100),
	(44341, 90, NULL, NULL, NULL, 5, 28.5, 100),
	(44342, 90, NULL, NULL, NULL, 3, 28.5, 100),
	(44343, 90, NULL, NULL, NULL, 2, 28.5, 100),
	(44344, 90, NULL, NULL, NULL, 1, 28.5, 100),
	(44345, 90, NULL, NULL, NULL, 4, 28.5, 100),
	(44346, 90, NULL, NULL, NULL, 5, 28.5, 100),
	(44347, 90, NULL, NULL, NULL, 3, 28.5, 100),
	(44348, 90, NULL, NULL, NULL, 2, 28.5, 100),
	(44349, 90, NULL, NULL, NULL, 1, 28.5, 100),
	(44350, 90, NULL, NULL, NULL, 4, 28.5, 100),
	(44351, 90, NULL, NULL, NULL, 5, 28.5, 100),
	(44352, 90, NULL, NULL, NULL, 3, 28.5, 100),
	(44353, 90, NULL, NULL, NULL, 2, 28.5, 100),
	(44354, 90, NULL, NULL, NULL, 1, 28.5, 100),
	(44355, 90, NULL, NULL, NULL, 4, 28.5, 100),
	(44356, 90, NULL, NULL, NULL, 5, 28.5, 100),
	(44357, 90, NULL, NULL, NULL, 3, 28.5, 100),
	(44358, 90, NULL, NULL, NULL, 2, 28.5, 100),
	(44359, 90, NULL, NULL, NULL, 1, 28.5, 100),
	(44360, 90, NULL, NULL, NULL, 4, 28.5, 100),
	(44361, 90, NULL, NULL, NULL, 5, 28.5, 100),
	(44362, 90, NULL, NULL, NULL, 3, 28.5, 100),
	(44363, 90, NULL, NULL, NULL, 2, 28.5, 100),
	(44364, 90, NULL, NULL, NULL, 1, 28.5, 100),
	(44365, 90, NULL, NULL, NULL, 4, 28.5, 100),
	(44366, 90, NULL, NULL, NULL, 5, 28.5, 100),
	(44367, 90, NULL, NULL, NULL, 3, 28.5, 100),
	(44368, 90, NULL, NULL, NULL, 2, 28.5, 100),
	(44369, 90, NULL, NULL, NULL, 1, 28.5, 100),
	(44370, 90, NULL, NULL, NULL, 4, 28.5, 100),
	(44371, 90, NULL, NULL, NULL, 5, 28.5, 100),
	(44372, 90, NULL, NULL, NULL, 3, 28.5, 100),
	(44373, 90, NULL, NULL, NULL, 2, 28.5, 100),
	(44374, 90, NULL, NULL, NULL, 1, 28.5, 100),
	(44375, 90, NULL, NULL, NULL, 4, 28.5, 100),
	(44376, 90, NULL, NULL, NULL, 5, 28.5, 100),
	(44377, 90, NULL, NULL, NULL, 3, 28.5, 100),
	(44378, 90, NULL, NULL, NULL, 2, 28.5, 100),
	(44379, 90, NULL, NULL, NULL, 1, 28.5, 100),
	(44380, 90, NULL, NULL, NULL, 4, 28.5, 100),
	(44381, 90, NULL, NULL, NULL, 5, 28.5, 100),
	(44382, 90, NULL, NULL, NULL, 3, 28.5, 100),
	(44383, 90, NULL, NULL, NULL, 2, 28.5, 100),
	(44384, 90, NULL, NULL, NULL, 1, 28.5, 100),
	(44385, 90, NULL, NULL, NULL, 4, 28.5, 100),
	(44386, 90, NULL, NULL, NULL, 5, 28.5, 100),
	(44387, 90, NULL, NULL, NULL, 3, 28.5, 100),
	(44388, 90, NULL, NULL, NULL, 2, 28.5, 100),
	(44389, 90, NULL, NULL, NULL, 1, 28.5, 100),
	(44390, 90, NULL, NULL, NULL, 4, 28.5, 100),
	(44391, 90, NULL, NULL, NULL, 5, 28.5, 100),
	(44392, 90, NULL, NULL, NULL, 3, 28.5, 100),
	(44393, 90, NULL, NULL, NULL, 2, 28.5, 100),
	(44394, 90, NULL, NULL, NULL, 1, 28.5, 100),
	(44395, 90, NULL, NULL, NULL, 4, 28.5, 100),
	(44396, 90, NULL, NULL, NULL, 5, 28.5, 100),
	(44397, 90, NULL, NULL, NULL, 3, 28.5, 100),
	(44398, 90, NULL, NULL, NULL, 2, 28.5, 100),
	(44399, 90, NULL, NULL, NULL, 1, 28.5, 100),
	(44400, 90, NULL, NULL, NULL, 4, 28.5, 100),
	(44401, 90, NULL, NULL, NULL, 5, 28.5, 100),
	(44402, 90, NULL, NULL, NULL, 3, 28.5, 100),
	(44403, 90, NULL, NULL, NULL, 2, 28.5, 100),
	(44404, 90, NULL, NULL, NULL, 1, 28.5, 100),
	(44405, 90, NULL, NULL, NULL, 4, 28.5, 100),
	(44406, 90, NULL, NULL, NULL, 5, 28.5, 100),
	(44407, 90, NULL, NULL, NULL, 3, 28.5, 100),
	(44408, 90, NULL, NULL, NULL, 2, 28.5, 100),
	(44409, 90, NULL, NULL, NULL, 1, 28.5, 100),
	(44410, 90, NULL, NULL, NULL, 4, 28.5, 100),
	(44411, 90, NULL, NULL, NULL, 5, 28.5, 100),
	(44412, 90, NULL, NULL, NULL, 3, 28.5, 100),
	(44413, 90, NULL, NULL, NULL, 2, 28.5, 100),
	(44414, 90, NULL, NULL, NULL, 1, 28.5, 100),
	(44415, 90, NULL, NULL, NULL, 4, 28.5, 100),
	(44416, 90, NULL, NULL, NULL, 5, 28.5, 100),
	(44417, 90, NULL, NULL, NULL, 3, 28.5, 100),
	(44418, 90, NULL, NULL, NULL, 2, 28.5, 100),
	(44419, 90, NULL, NULL, NULL, 1, 28.5, 100),
	(44420, 90, NULL, NULL, NULL, 4, 28.5, 100),
	(44421, 90, NULL, NULL, NULL, 5, 28.5, 100),
	(44422, 90, NULL, NULL, NULL, 3, 28.5, 100),
	(44423, 90, NULL, NULL, NULL, 2, 28.5, 100),
	(44424, 90, NULL, NULL, NULL, 1, 28.5, 100),
	(44425, 90, NULL, NULL, NULL, 4, 28.5, 100),
	(44426, 90, NULL, NULL, NULL, 5, 28.5, 100),
	(44427, 90, NULL, NULL, NULL, 3, 28.5, 100),
	(44428, 90, NULL, NULL, NULL, 2, 28.5, 100),
	(44429, 90, NULL, NULL, NULL, 1, 28.5, 100),
	(44430, 90, NULL, NULL, NULL, 4, 28.5, 100),
	(44431, 90, NULL, NULL, NULL, 5, 28.5, 100),
	(44432, 90, NULL, NULL, NULL, 3, 28.5, 100),
	(44433, 90, NULL, NULL, NULL, 2, 28.5, 100),
	(44434, 90, NULL, NULL, NULL, 1, 28.5, 100),
	(44435, 90, NULL, NULL, NULL, 4, 28.5, 100),
	(44436, 90, NULL, NULL, NULL, 5, 28.5, 100),
	(44437, 90, NULL, NULL, NULL, 3, 28.5, 100),
	(44438, 90, NULL, NULL, NULL, 2, 28.5, 100),
	(44439, 90, NULL, NULL, NULL, 1, 28.5, 100),
	(44440, 90, NULL, NULL, NULL, 4, 28.5, 100),
	(44441, 90, NULL, NULL, NULL, 5, 28.5, 100),
	(44442, 90, NULL, NULL, NULL, 3, 28.5, 100),
	(44443, 90, NULL, NULL, NULL, 2, 28.5, 100),
	(44444, 90, NULL, NULL, NULL, 1, 28.5, 100),
	(44445, 90, NULL, NULL, NULL, 4, 28.5, 100),
	(44446, 90, NULL, NULL, NULL, 5, 28.5, 100),
	(44447, 90, NULL, NULL, NULL, 3, 28.5, 100),
	(44448, 90, NULL, NULL, NULL, 2, 28.5, 100),
	(44449, 90, NULL, NULL, NULL, 1, 28.5, 100),
	(44450, 90, NULL, NULL, NULL, 4, 28.5, 100),
	(44451, 90, NULL, NULL, NULL, 5, 28.5, 100),
	(44452, 90, NULL, NULL, NULL, 3, 28.5, 100),
	(44453, 90, NULL, NULL, NULL, 2, 28.5, 100),
	(44454, 90, NULL, NULL, NULL, 1, 28.5, 100),
	(44455, 90, NULL, NULL, NULL, 4, 28.5, 100),
	(44456, 90, NULL, NULL, NULL, 5, 28.5, 100),
	(44457, 90, NULL, NULL, NULL, 3, 28.5, 100),
	(44458, 90, NULL, NULL, NULL, 2, 28.5, 100),
	(44459, 90, NULL, NULL, NULL, 1, 28.5, 100),
	(44460, 90, NULL, NULL, NULL, 4, 28.5, 100),
	(44461, 90, NULL, NULL, NULL, 5, 28.5, 100),
	(44462, 90, NULL, NULL, NULL, 3, 28.5, 100),
	(44463, 90, NULL, NULL, NULL, 2, 28.5, 100),
	(44464, 90, NULL, NULL, NULL, 1, 28.5, 100),
	(44465, 90, NULL, NULL, NULL, 4, 28.5, 100),
	(44466, 90, NULL, NULL, NULL, 5, 28.5, 100),
	(44467, 90, NULL, NULL, NULL, 3, 28.5, 100),
	(44468, 90, NULL, NULL, NULL, 2, 28.5, 100),
	(44469, 90, NULL, NULL, NULL, 1, 28.5, 100),
	(44470, 90, NULL, NULL, NULL, 4, 28.5, 100),
	(44471, 90, NULL, NULL, NULL, 5, 28.5, 100),
	(44472, 90, NULL, NULL, NULL, 3, 28.5, 100),
	(44473, 90, NULL, NULL, NULL, 2, 28.5, 100),
	(44474, 90, NULL, NULL, NULL, 1, 28.5, 100),
	(44475, 90, NULL, NULL, NULL, 4, 28.5, 100),
	(44476, 90, NULL, NULL, NULL, 5, 28.5, 100),
	(44477, 90, NULL, NULL, NULL, 3, 28.5, 100),
	(44478, 90, NULL, NULL, NULL, 2, 28.5, 100),
	(44479, 90, NULL, NULL, NULL, 1, 28.5, 100),
	(44480, 90, NULL, NULL, NULL, 4, 28.5, 100),
	(44481, 90, NULL, NULL, NULL, 5, 28.5, 100),
	(44482, 90, NULL, NULL, NULL, 3, 28.5, 100),
	(44483, 90, NULL, NULL, NULL, 2, 28.5, 100),
	(44484, 90, NULL, NULL, NULL, 1, 28.5, 100),
	(44485, 90, NULL, NULL, NULL, 4, 28.5, 100),
	(44486, 90, NULL, NULL, NULL, 5, 28.5, 100),
	(44487, 90, NULL, NULL, NULL, 3, 28.5, 100),
	(44488, 90, NULL, NULL, NULL, 2, 28.5, 100),
	(44489, 90, NULL, NULL, NULL, 1, 28.5, 100),
	(44490, 90, NULL, NULL, NULL, 4, 28.5, 100),
	(44491, 90, NULL, NULL, NULL, 5, 28.5, 100),
	(44492, 90, NULL, NULL, NULL, 3, 28.5, 100),
	(44493, 90, NULL, NULL, NULL, 2, 28.5, 100),
	(44494, 90, NULL, NULL, NULL, 1, 28.5, 100),
	(44495, 90, NULL, NULL, NULL, 4, 28.5, 100),
	(44496, 90, NULL, NULL, NULL, 5, 28.5, 100),
	(44497, 90, NULL, NULL, NULL, 3, 28.5, 100),
	(44498, 90, NULL, NULL, NULL, 2, 28.5, 100),
	(44499, 90, NULL, NULL, NULL, 1, 28.5, 100),
	(44500, 90, NULL, NULL, NULL, 4, 28.5, 100),
	(44501, 90, NULL, NULL, NULL, 5, 28.5, 100),
	(44502, 90, NULL, NULL, NULL, 3, 28.5, 100),
	(44503, 90, NULL, NULL, NULL, 2, 28.5, 100),
	(44504, 90, NULL, NULL, NULL, 1, 28.5, 100),
	(44505, 90, NULL, NULL, NULL, 4, 28.5, 100),
	(44506, 90, NULL, NULL, NULL, 5, 28.5, 100),
	(44507, 90, NULL, NULL, NULL, 3, 28.5, 100),
	(44508, 90, NULL, NULL, NULL, 2, 28.5, 100),
	(44509, 90, NULL, NULL, NULL, 1, 28.5, 100),
	(44510, 90, NULL, NULL, NULL, 4, 28.5, 100),
	(44511, 90, NULL, NULL, NULL, 5, 28.5, 100),
	(44512, 90, NULL, NULL, NULL, 3, 28.5, 100),
	(44513, 90, NULL, NULL, NULL, 2, 28.5, 100),
	(44514, 90, NULL, NULL, NULL, 1, 28.5, 100),
	(44515, 90, NULL, NULL, NULL, 4, 28.5, 100),
	(44516, 90, NULL, NULL, NULL, 5, 28.5, 100),
	(44517, 90, NULL, NULL, NULL, 3, 28.5, 100),
	(44518, 90, NULL, NULL, NULL, 2, 28.5, 100),
	(44519, 90, NULL, NULL, NULL, 1, 28.5, 100),
	(44520, 90, NULL, NULL, NULL, 4, 28.5, 100),
	(44521, 90, NULL, NULL, NULL, 5, 28.5, 100),
	(44522, 90, NULL, NULL, NULL, 3, 28.5, 100),
	(44523, 90, NULL, NULL, NULL, 2, 28.5, 100),
	(44524, 90, NULL, NULL, NULL, 1, 28.5, 100),
	(44525, 90, NULL, NULL, NULL, 4, 28.5, 100),
	(44526, 90, NULL, NULL, NULL, 5, 28.5, 100),
	(44527, 90, NULL, NULL, NULL, 3, 28.5, 100),
	(44528, 90, NULL, NULL, NULL, 2, 28.5, 100),
	(44529, 90, NULL, NULL, NULL, 1, 28.5, 100),
	(44530, 90, NULL, NULL, NULL, 4, 28.5, 100),
	(44531, 90, NULL, NULL, NULL, 5, 28.5, 100),
	(44532, 90, NULL, NULL, NULL, 3, 28.5, 100),
	(44533, 90, NULL, NULL, NULL, 2, 28.5, 100),
	(44534, 90, NULL, NULL, NULL, 1, 28.5, 100),
	(44535, 90, NULL, NULL, NULL, 4, 28.5, 100),
	(44536, 90, NULL, NULL, NULL, 5, 28.5, 100),
	(44537, 90, NULL, NULL, NULL, 3, 28.5, 100),
	(44538, 90, NULL, NULL, NULL, 2, 28.5, 100),
	(44539, 90, NULL, NULL, NULL, 1, 28.5, 100),
	(44540, 90, NULL, NULL, NULL, 4, 28.5, 100),
	(44541, 90, NULL, NULL, NULL, 5, 28.5, 100),
	(44542, 90, NULL, NULL, NULL, 3, 28.5, 100),
	(44543, 90, NULL, NULL, NULL, 2, 28.5, 100),
	(44544, 90, NULL, NULL, NULL, 1, 28.5, 100),
	(44545, 90, NULL, NULL, NULL, 4, 28.5, 100),
	(44546, 90, NULL, NULL, NULL, 5, 28.5, 100),
	(44547, 90, NULL, NULL, NULL, 3, 28.5, 100),
	(44548, 90, NULL, NULL, NULL, 2, 28.5, 100),
	(44549, 90, NULL, NULL, NULL, 1, 28.5, 100),
	(44550, 90, NULL, NULL, NULL, 4, 28.5, 100),
	(44551, 90, NULL, NULL, NULL, 5, 28.5, 100),
	(44552, 90, NULL, NULL, NULL, 3, 28.5, 100),
	(44553, 90, NULL, NULL, NULL, 2, 28.5, 100),
	(44554, 90, NULL, NULL, NULL, 1, 28.5, 100),
	(44555, 90, NULL, NULL, NULL, 4, 28.5, 100),
	(44556, 90, NULL, NULL, NULL, 5, 28.5, 100),
	(44557, 90, NULL, NULL, NULL, 3, 28.5, 100),
	(44558, 90, NULL, NULL, NULL, 2, 28.5, 100),
	(44559, 90, NULL, NULL, NULL, 1, 28.5, 100),
	(44560, 90, NULL, NULL, NULL, 4, 28.5, 100),
	(44561, 90, NULL, NULL, NULL, 5, 28.5, 100),
	(44562, 90, NULL, NULL, NULL, 3, 28.5, 100),
	(44563, 90, NULL, NULL, NULL, 2, 28.5, 100),
	(44564, 90, NULL, NULL, NULL, 1, 28.5, 100),
	(44565, 90, NULL, NULL, NULL, 4, 28.5, 100),
	(44566, 90, NULL, NULL, NULL, 5, 28.5, 100),
	(44567, 90, NULL, NULL, NULL, 3, 28.5, 100),
	(44568, 90, NULL, NULL, NULL, 2, 28.5, 100),
	(44569, 90, NULL, NULL, NULL, 1, 28.5, 100),
	(44570, 90, NULL, NULL, NULL, 4, 28.5, 100),
	(44571, 90, NULL, NULL, NULL, 5, 28.5, 100),
	(44572, 90, NULL, NULL, NULL, 3, 28.5, 100),
	(44573, 90, NULL, NULL, NULL, 2, 28.5, 100),
	(44574, 90, NULL, NULL, NULL, 1, 28.5, 100),
	(44575, 90, NULL, NULL, NULL, 4, 28.5, 100),
	(44576, 90, NULL, NULL, NULL, 5, 28.5, 100),
	(44577, 90, NULL, NULL, NULL, 3, 28.5, 100),
	(44578, 90, NULL, NULL, NULL, 2, 28.5, 100),
	(44579, 90, NULL, NULL, NULL, 1, 28.5, 100),
	(44580, 90, NULL, NULL, NULL, 4, 28.5, 100),
	(44581, 90, NULL, NULL, NULL, 5, 28.5, 100),
	(44582, 90, NULL, NULL, NULL, 3, 28.5, 100),
	(44583, 90, NULL, NULL, NULL, 2, 28.5, 100),
	(44584, 90, NULL, NULL, NULL, 1, 28.5, 100),
	(44585, 90, NULL, NULL, NULL, 4, 28.5, 100),
	(44586, 90, NULL, NULL, NULL, 5, 28.5, 100),
	(44587, 90, NULL, NULL, NULL, 3, 28.5, 100),
	(44588, 90, NULL, NULL, NULL, 2, 28.5, 100),
	(44589, 90, NULL, NULL, NULL, 1, 28.5, 100),
	(44590, 90, NULL, NULL, NULL, 4, 28.5, 100),
	(44591, 90, NULL, NULL, NULL, 5, 28.5, 100),
	(44592, 90, NULL, NULL, NULL, 3, 28.5, 100),
	(44593, 90, NULL, NULL, NULL, 2, 28.5, 100),
	(44594, 90, NULL, NULL, NULL, 1, 28.5, 100),
	(44595, 90, NULL, NULL, NULL, 4, 28.5, 100),
	(44596, 90, NULL, NULL, NULL, 5, 28.5, 100),
	(44597, 90, NULL, NULL, NULL, 3, 28.5, 100),
	(44598, 90, NULL, NULL, NULL, 2, 28.5, 100),
	(44599, 90, NULL, NULL, NULL, 1, 28.5, 100),
	(44600, 90, NULL, NULL, NULL, 4, 28.5, 100),
	(44601, 90, NULL, NULL, NULL, 5, 28.5, 100),
	(44602, 90, NULL, NULL, NULL, 3, 28.5, 100),
	(44603, 90, NULL, NULL, NULL, 2, 28.5, 100),
	(44604, 90, NULL, NULL, NULL, 1, 28.5, 100),
	(44605, 90, NULL, NULL, NULL, 4, 28.5, 100),
	(44606, 90, NULL, NULL, NULL, 5, 28.5, 100),
	(44607, 90, NULL, NULL, NULL, 3, 28.5, 100),
	(44608, 90, NULL, NULL, NULL, 2, 28.5, 100),
	(44609, 90, NULL, NULL, NULL, 1, 28.5, 100),
	(44610, 90, NULL, NULL, NULL, 4, 28.5, 100),
	(44611, 90, NULL, NULL, NULL, 5, 28.5, 100),
	(44612, 90, NULL, NULL, NULL, 3, 28.5, 100),
	(44613, 90, NULL, NULL, NULL, 2, 28.5, 100),
	(44614, 90, NULL, NULL, NULL, 1, 28.5, 100),
	(44615, 90, NULL, NULL, NULL, 4, 28.5, 100),
	(44616, 90, NULL, NULL, NULL, 5, 28.5, 100),
	(44617, 90, NULL, NULL, NULL, 3, 28.5, 100),
	(44618, 90, NULL, NULL, NULL, 2, 28.5, 100),
	(44619, 90, NULL, NULL, NULL, 1, 28.5, 100),
	(44620, 90, NULL, NULL, NULL, 4, 28.5, 100),
	(44621, 90, NULL, NULL, NULL, 5, 28.5, 100),
	(44622, 90, NULL, NULL, NULL, 3, 28.5, 100),
	(44623, 90, NULL, NULL, NULL, 2, 28.5, 100),
	(44624, 90, NULL, NULL, NULL, 1, 28.5, 100),
	(44625, 90, NULL, NULL, NULL, 4, 28.5, 100),
	(44626, 90, NULL, NULL, NULL, 5, 28.5, 100),
	(44627, 90, NULL, NULL, NULL, 3, 28.5, 100),
	(44628, 90, NULL, NULL, NULL, 2, 28.5, 100),
	(44629, 90, NULL, NULL, NULL, 1, 28.5, 100),
	(44630, 90, NULL, NULL, NULL, 4, 28.5, 100),
	(44631, 90, NULL, NULL, NULL, 5, 28.5, 100),
	(44632, 90, NULL, NULL, NULL, 3, 28.5, 100),
	(44633, 90, NULL, NULL, NULL, 2, 28.5, 100),
	(44634, 90, NULL, NULL, NULL, 1, 28.5, 100),
	(44635, 90, NULL, NULL, NULL, 4, 28.5, 100),
	(44636, 90, NULL, NULL, NULL, 5, 28.5, 100),
	(44637, 90, NULL, NULL, NULL, 3, 28.5, 100),
	(44638, 90, NULL, NULL, NULL, 2, 28.5, 100),
	(44639, 90, NULL, NULL, NULL, 1, 28.5, 100),
	(44640, 90, NULL, NULL, NULL, 4, 28.5, 100),
	(44641, 90, NULL, NULL, NULL, 5, 28.5, 100),
	(44642, 90, NULL, NULL, NULL, 3, 28.5, 100),
	(44643, 90, NULL, NULL, NULL, 2, 28.5, 100),
	(44644, 90, NULL, NULL, NULL, 1, 28.5, 100),
	(44645, 90, NULL, NULL, NULL, 4, 28.5, 100),
	(44646, 90, NULL, NULL, NULL, 5, 28.5, 100),
	(44647, 91, NULL, NULL, NULL, NULL, 16, 100),
	(44648, 92, NULL, NULL, NULL, NULL, 25, 100),
	(44649, 94, NULL, NULL, 63, NULL, 29.5, 100),
	(44650, 94, NULL, NULL, 63, NULL, 29.5, 100),
	(44651, 94, NULL, NULL, 64, NULL, 29.5, 100),
	(44652, 94, NULL, NULL, 64, NULL, 29.5, 100),
	(44653, 94, NULL, NULL, 63, NULL, 29.5, 100),
	(44654, 94, NULL, NULL, 63, NULL, 29.5, 100),
	(44655, 94, NULL, NULL, 64, NULL, 29.5, 100),
	(44656, 94, NULL, NULL, 64, NULL, 29.5, 100),
	(44657, 94, NULL, NULL, 63, NULL, 29.5, 100),
	(44658, 94, NULL, NULL, 63, NULL, 29.5, 100),
	(44659, 94, NULL, NULL, 64, NULL, 29.5, 100),
	(44660, 94, NULL, NULL, 64, NULL, 29.5, 100),
	(44661, 94, NULL, NULL, 63, NULL, 29.5, 100),
	(44662, 94, NULL, NULL, 63, NULL, 29.5, 100),
	(44663, 94, NULL, NULL, 64, NULL, 29.5, 100),
	(44664, 94, NULL, NULL, 64, NULL, 29.5, 100),
	(44862, 102, 134, NULL, NULL, NULL, 12, 100),
	(44863, 102, 134, NULL, NULL, NULL, 12, 100),
	(44864, 102, 134, NULL, NULL, NULL, 12, 100),
	(44865, 102, 134, NULL, NULL, NULL, 12, 100),
	(44866, 102, 134, NULL, NULL, NULL, 12, 100),
	(44867, 102, 134, NULL, NULL, NULL, 12, 100),
	(44868, 102, 134, NULL, NULL, NULL, 12, 100),
	(44869, 102, 134, NULL, NULL, NULL, 12, 100),
	(44870, 102, 135, NULL, NULL, NULL, 12, 100),
	(44871, 102, 135, NULL, NULL, NULL, 12, 100),
	(44872, 102, 135, NULL, NULL, NULL, 12, 100),
	(44873, 102, 135, NULL, NULL, NULL, 12, 100),
	(44874, 102, 135, NULL, NULL, NULL, 12, 100),
	(44875, 102, 135, NULL, NULL, NULL, 12, 100),
	(44876, 102, 135, NULL, NULL, NULL, 12, 100),
	(44877, 102, 135, NULL, NULL, NULL, 12, 100),
	(44878, 104, NULL, NULL, 74, NULL, 11, 100),
	(44879, 105, NULL, 88, NULL, NULL, 39.5, 100),
	(44880, 83, NULL, 77, NULL, NULL, 49.5, 100),
	(44881, 83, NULL, 77, NULL, NULL, 49.5, 100),
	(44882, 83, NULL, 77, NULL, NULL, 49.5, 100),
	(44883, 83, NULL, 77, NULL, NULL, 49.5, 100),
	(44884, 83, NULL, 77, NULL, NULL, 49.5, 100),
	(44885, 83, NULL, 77, NULL, NULL, 49.5, 100),
	(44886, 83, NULL, 77, NULL, NULL, 49.5, 100),
	(44887, 83, NULL, 77, NULL, NULL, 49.5, 100),
	(44888, 83, NULL, 77, NULL, NULL, 49.5, 100),
	(44889, 83, NULL, 78, NULL, NULL, 49.5, 100),
	(44890, 83, NULL, 78, NULL, NULL, 49.5, 100),
	(44891, 83, NULL, 78, NULL, NULL, 49.5, 100),
	(44892, 83, NULL, 78, NULL, NULL, 49.5, 100),
	(44893, 83, NULL, 78, NULL, NULL, 49.5, 100),
	(44894, 83, NULL, 78, NULL, NULL, 49.5, 100),
	(44895, 83, NULL, 78, NULL, NULL, 49.5, 100),
	(44896, 83, NULL, 78, NULL, NULL, 49.5, 100),
	(44897, 83, NULL, 78, NULL, NULL, 49.5, 100),
	(44898, 83, NULL, 79, NULL, NULL, 49.5, 100),
	(44899, 83, NULL, 79, NULL, NULL, 49.5, 100),
	(44900, 83, NULL, 79, NULL, NULL, 49.5, 100),
	(44901, 83, NULL, 79, NULL, NULL, 49.5, 100),
	(44902, 83, NULL, 79, NULL, NULL, 49.5, 100),
	(44903, 83, NULL, 79, NULL, NULL, 49.5, 100),
	(44904, 83, NULL, 79, NULL, NULL, 49.5, 100),
	(44905, 83, NULL, 79, NULL, NULL, 49.5, 100),
	(44906, 83, NULL, 79, NULL, NULL, 49.5, 100),
	(44907, 83, NULL, 77, NULL, NULL, 49.5, 100),
	(44908, 83, NULL, 77, NULL, NULL, 49.5, 100),
	(44909, 83, NULL, 77, NULL, NULL, 49.5, 100),
	(44910, 83, NULL, 77, NULL, NULL, 49.5, 100),
	(44911, 83, NULL, 77, NULL, NULL, 49.5, 100),
	(44912, 83, NULL, 77, NULL, NULL, 49.5, 100),
	(44913, 83, NULL, 77, NULL, NULL, 49.5, 100),
	(44914, 83, NULL, 77, NULL, NULL, 49.5, 100),
	(44915, 83, NULL, 77, NULL, NULL, 49.5, 100),
	(44916, 83, NULL, 78, NULL, NULL, 49.5, 100),
	(44917, 83, NULL, 78, NULL, NULL, 49.5, 100),
	(44918, 83, NULL, 78, NULL, NULL, 49.5, 100),
	(44919, 83, NULL, 78, NULL, NULL, 49.5, 100),
	(44920, 83, NULL, 78, NULL, NULL, 49.5, 100),
	(44921, 83, NULL, 78, NULL, NULL, 49.5, 100),
	(44922, 83, NULL, 78, NULL, NULL, 49.5, 100),
	(44923, 83, NULL, 78, NULL, NULL, 49.5, 100),
	(44924, 83, NULL, 78, NULL, NULL, 49.5, 100),
	(44925, 83, NULL, 79, NULL, NULL, 49.5, 100),
	(44926, 83, NULL, 79, NULL, NULL, 49.5, 100),
	(44927, 83, NULL, 79, NULL, NULL, 49.5, 100),
	(44928, 83, NULL, 79, NULL, NULL, 49.5, 100),
	(44929, 83, NULL, 79, NULL, NULL, 49.5, 100),
	(44930, 83, NULL, 79, NULL, NULL, 49.5, 100),
	(44931, 83, NULL, 79, NULL, NULL, 49.5, 100),
	(44932, 83, NULL, 79, NULL, NULL, 49.5, 100),
	(44933, 83, NULL, 79, NULL, NULL, 49.5, 100),
	(44934, 83, NULL, 77, NULL, NULL, 49.5, 100),
	(44935, 83, NULL, 77, NULL, NULL, 49.5, 100),
	(44936, 83, NULL, 77, NULL, NULL, 49.5, 100),
	(44937, 83, NULL, 77, NULL, NULL, 49.5, 100),
	(44938, 83, NULL, 77, NULL, NULL, 49.5, 100),
	(44939, 83, NULL, 77, NULL, NULL, 49.5, 100),
	(44940, 83, NULL, 77, NULL, NULL, 49.5, 100),
	(44941, 83, NULL, 77, NULL, NULL, 49.5, 100),
	(44942, 83, NULL, 77, NULL, NULL, 49.5, 100),
	(44943, 83, NULL, 78, NULL, NULL, 49.5, 100),
	(44944, 83, NULL, 78, NULL, NULL, 49.5, 100),
	(44945, 83, NULL, 78, NULL, NULL, 49.5, 100),
	(44946, 83, NULL, 78, NULL, NULL, 49.5, 100),
	(44947, 83, NULL, 78, NULL, NULL, 49.5, 100),
	(44948, 83, NULL, 78, NULL, NULL, 49.5, 100),
	(44949, 83, NULL, 78, NULL, NULL, 49.5, 100),
	(44950, 83, NULL, 78, NULL, NULL, 49.5, 100),
	(44951, 83, NULL, 78, NULL, NULL, 49.5, 100),
	(44952, 83, NULL, 79, NULL, NULL, 49.5, 100),
	(44953, 83, NULL, 79, NULL, NULL, 49.5, 100),
	(44954, 83, NULL, 79, NULL, NULL, 49.5, 100),
	(44955, 83, NULL, 79, NULL, NULL, 49.5, 100),
	(44956, 83, NULL, 79, NULL, NULL, 49.5, 100),
	(44957, 83, NULL, 79, NULL, NULL, 49.5, 100),
	(44958, 83, NULL, 79, NULL, NULL, 49.5, 100),
	(44959, 83, NULL, 79, NULL, NULL, 49.5, 100),
	(44960, 83, NULL, 79, NULL, NULL, 49.5, 100),
	(44993, 84, NULL, 80, NULL, NULL, 89, 100),
	(44994, 84, NULL, 80, NULL, NULL, 89, 100),
	(44995, 84, NULL, 80, NULL, NULL, 89, 100),
	(44996, 84, NULL, 80, NULL, NULL, 89, 100),
	(44997, 84, NULL, 81, NULL, NULL, 89, 100),
	(44998, 84, NULL, 81, NULL, NULL, 89, 100),
	(44999, 84, NULL, 81, NULL, NULL, 89, 100),
	(45000, 84, NULL, 81, NULL, NULL, 89, 100),
	(45001, 84, NULL, 80, NULL, NULL, 89, 100),
	(45002, 84, NULL, 80, NULL, NULL, 89, 100),
	(45003, 84, NULL, 80, NULL, NULL, 89, 100),
	(45004, 84, NULL, 80, NULL, NULL, 89, 100),
	(45005, 84, NULL, 81, NULL, NULL, 89, 100),
	(45006, 84, NULL, 81, NULL, NULL, 89, 100),
	(45007, 84, NULL, 81, NULL, NULL, 89, 100),
	(45008, 84, NULL, 81, NULL, NULL, 89, 100),
	(45009, 85, NULL, NULL, 59, NULL, 22.95, 100),
	(45010, 85, NULL, NULL, 59, NULL, 22.95, 100),
	(45011, 85, NULL, NULL, 60, NULL, 22.95, 100),
	(45012, 85, NULL, NULL, 60, NULL, 22.95, 100),
	(45013, 85, NULL, NULL, 59, NULL, 22.95, 100),
	(45014, 85, NULL, NULL, 59, NULL, 22.95, 100),
	(45015, 85, NULL, NULL, 60, NULL, 22.95, 100),
	(45016, 85, NULL, NULL, 60, NULL, 22.95, 100),
	(45017, 85, NULL, NULL, 59, NULL, 22.95, 100),
	(45018, 85, NULL, NULL, 59, NULL, 22.95, 100),
	(45019, 85, NULL, NULL, 60, NULL, 22.95, 100),
	(45020, 85, NULL, NULL, 60, NULL, 22.95, 100),
	(45021, 85, NULL, NULL, 59, NULL, 22.95, 100),
	(45022, 85, NULL, NULL, 59, NULL, 22.95, 100),
	(45023, 85, NULL, NULL, 60, NULL, 22.95, 100),
	(45024, 85, NULL, NULL, 60, NULL, 22.95, 100),
	(45025, 86, NULL, NULL, 62, NULL, 12, 100),
	(45026, 87, NULL, 82, NULL, NULL, 24.5, 100),
	(45027, 87, NULL, 82, NULL, NULL, 24.5, 100),
	(45028, 87, NULL, 82, NULL, NULL, 24.5, 100),
	(45029, 87, NULL, 82, NULL, NULL, 24.5, 100),
	(45030, 87, NULL, 82, NULL, NULL, 24.5, 100),
	(45031, 87, NULL, 82, NULL, NULL, 24.5, 100),
	(45032, 87, NULL, 82, NULL, NULL, 24.5, 100),
	(45033, 87, NULL, 82, NULL, NULL, 24.5, 100),
	(45034, 87, NULL, 82, NULL, NULL, 24.5, 100),
	(45035, 87, NULL, 83, NULL, NULL, 24.5, 100),
	(45036, 87, NULL, 83, NULL, NULL, 24.5, 100),
	(45037, 87, NULL, 83, NULL, NULL, 24.5, 100),
	(45038, 87, NULL, 83, NULL, NULL, 24.5, 100),
	(45039, 87, NULL, 83, NULL, NULL, 24.5, 100),
	(45040, 87, NULL, 83, NULL, NULL, 24.5, 100),
	(45041, 87, NULL, 83, NULL, NULL, 24.5, 100),
	(45042, 87, NULL, 83, NULL, NULL, 24.5, 100),
	(45043, 87, NULL, 83, NULL, NULL, 24.5, 100),
	(45044, 87, NULL, 84, NULL, NULL, 24.5, 100),
	(45045, 87, NULL, 84, NULL, NULL, 24.5, 100),
	(45046, 87, NULL, 84, NULL, NULL, 24.5, 100),
	(45047, 87, NULL, 84, NULL, NULL, 24.5, 100),
	(45048, 87, NULL, 84, NULL, NULL, 24.5, 100),
	(45049, 87, NULL, 84, NULL, NULL, 24.5, 100),
	(45050, 87, NULL, 84, NULL, NULL, 24.5, 100),
	(45051, 87, NULL, 84, NULL, NULL, 24.5, 100),
	(45052, 87, NULL, 84, NULL, NULL, 24.5, 100),
	(45053, 87, NULL, 82, NULL, NULL, 24.5, 100),
	(45054, 87, NULL, 82, NULL, NULL, 24.5, 100),
	(45055, 87, NULL, 82, NULL, NULL, 24.5, 100),
	(45056, 87, NULL, 82, NULL, NULL, 24.5, 100),
	(45057, 87, NULL, 82, NULL, NULL, 24.5, 100),
	(45058, 87, NULL, 82, NULL, NULL, 24.5, 100),
	(45059, 87, NULL, 82, NULL, NULL, 24.5, 100),
	(45060, 87, NULL, 82, NULL, NULL, 24.5, 100),
	(45061, 87, NULL, 82, NULL, NULL, 24.5, 100),
	(45062, 87, NULL, 83, NULL, NULL, 24.5, 100),
	(45063, 87, NULL, 83, NULL, NULL, 24.5, 100),
	(45064, 87, NULL, 83, NULL, NULL, 24.5, 100),
	(45065, 87, NULL, 83, NULL, NULL, 24.5, 100),
	(45066, 87, NULL, 83, NULL, NULL, 24.5, 100),
	(45067, 87, NULL, 83, NULL, NULL, 24.5, 100),
	(45068, 87, NULL, 83, NULL, NULL, 24.5, 100),
	(45069, 87, NULL, 83, NULL, NULL, 24.5, 100),
	(45070, 87, NULL, 83, NULL, NULL, 24.5, 100),
	(45071, 87, NULL, 84, NULL, NULL, 24.5, 100),
	(45072, 87, NULL, 84, NULL, NULL, 24.5, 100),
	(45073, 87, NULL, 84, NULL, NULL, 24.5, 100),
	(45074, 87, NULL, 84, NULL, NULL, 24.5, 100),
	(45075, 87, NULL, 84, NULL, NULL, 24.5, 100),
	(45076, 87, NULL, 84, NULL, NULL, 24.5, 100),
	(45077, 87, NULL, 84, NULL, NULL, 24.5, 100),
	(45078, 87, NULL, 84, NULL, NULL, 24.5, 100),
	(45079, 87, NULL, 84, NULL, NULL, 24.5, 100),
	(45080, 87, NULL, 82, NULL, NULL, 24.5, 100),
	(45081, 87, NULL, 82, NULL, NULL, 24.5, 100),
	(45082, 87, NULL, 82, NULL, NULL, 24.5, 100),
	(45083, 87, NULL, 82, NULL, NULL, 24.5, 100),
	(45084, 87, NULL, 82, NULL, NULL, 24.5, 100),
	(45085, 87, NULL, 82, NULL, NULL, 24.5, 100),
	(45086, 87, NULL, 82, NULL, NULL, 24.5, 100),
	(45087, 87, NULL, 82, NULL, NULL, 24.5, 100),
	(45088, 87, NULL, 82, NULL, NULL, 24.5, 100),
	(45089, 87, NULL, 83, NULL, NULL, 24.5, 100),
	(45090, 87, NULL, 83, NULL, NULL, 24.5, 100),
	(45091, 87, NULL, 83, NULL, NULL, 24.5, 100),
	(45092, 87, NULL, 83, NULL, NULL, 24.5, 100),
	(45093, 87, NULL, 83, NULL, NULL, 24.5, 100),
	(45094, 87, NULL, 83, NULL, NULL, 24.5, 100),
	(45095, 87, NULL, 83, NULL, NULL, 24.5, 100),
	(45096, 87, NULL, 83, NULL, NULL, 24.5, 100),
	(45097, 87, NULL, 83, NULL, NULL, 24.5, 100),
	(45098, 87, NULL, 84, NULL, NULL, 24.5, 100),
	(45099, 87, NULL, 84, NULL, NULL, 24.5, 100),
	(45100, 87, NULL, 84, NULL, NULL, 24.5, 100),
	(45101, 87, NULL, 84, NULL, NULL, 24.5, 100),
	(45102, 87, NULL, 84, NULL, NULL, 24.5, 100),
	(45103, 87, NULL, 84, NULL, NULL, 24.5, 100),
	(45104, 87, NULL, 84, NULL, NULL, 24.5, 100),
	(45105, 87, NULL, 84, NULL, NULL, 24.5, 100),
	(45106, 87, NULL, 84, NULL, NULL, 24.5, 100),
	(45107, 95, 131, NULL, NULL, NULL, 160, 100),
	(45108, 95, 131, NULL, NULL, NULL, 160, 100),
	(45109, 95, 131, NULL, NULL, NULL, 160, 100),
	(45110, 95, 131, NULL, NULL, NULL, 160, 100),
	(45111, 95, 131, NULL, NULL, NULL, 160, 100),
	(45112, 95, 131, NULL, NULL, NULL, 160, 100),
	(45113, 95, 131, NULL, NULL, NULL, 160, 100),
	(45114, 95, 131, NULL, NULL, NULL, 160, 100),
	(45115, 95, 131, NULL, NULL, NULL, 160, 100),
	(45116, 95, 131, NULL, NULL, NULL, 160, 100),
	(45117, 95, 131, NULL, NULL, NULL, 160, 100),
	(45118, 95, 131, NULL, NULL, NULL, 160, 100),
	(45119, 95, 131, NULL, NULL, NULL, 160, 100),
	(45120, 95, 131, NULL, NULL, NULL, 160, 100),
	(45121, 95, 131, NULL, NULL, NULL, 160, 100),
	(45122, 95, 131, NULL, NULL, NULL, 160, 100),
	(45123, 95, 131, NULL, NULL, NULL, 160, 100),
	(45124, 95, 131, NULL, NULL, NULL, 160, 100),
	(45125, 95, 131, NULL, NULL, NULL, 160, 100),
	(45126, 95, 131, NULL, NULL, NULL, 160, 100),
	(45127, 95, 131, NULL, NULL, NULL, 160, 100),
	(45128, 95, 131, NULL, NULL, NULL, 160, 100),
	(45129, 95, 131, NULL, NULL, NULL, 160, 100),
	(45130, 95, 131, NULL, NULL, NULL, 160, 100),
	(45131, 95, 131, NULL, NULL, NULL, 160, 100),
	(45132, 95, 131, NULL, NULL, NULL, 160, 100),
	(45133, 95, 131, NULL, NULL, NULL, 160, 100),
	(45134, 95, 132, NULL, NULL, NULL, 160, 100),
	(45135, 95, 132, NULL, NULL, NULL, 160, 100),
	(45136, 95, 132, NULL, NULL, NULL, 160, 100),
	(45137, 95, 132, NULL, NULL, NULL, 160, 100),
	(45138, 95, 132, NULL, NULL, NULL, 160, 100),
	(45139, 95, 132, NULL, NULL, NULL, 160, 100),
	(45140, 95, 132, NULL, NULL, NULL, 160, 100),
	(45141, 95, 132, NULL, NULL, NULL, 160, 100),
	(45142, 95, 132, NULL, NULL, NULL, 160, 100),
	(45143, 95, 132, NULL, NULL, NULL, 160, 100),
	(45144, 95, 132, NULL, NULL, NULL, 160, 100),
	(45145, 95, 132, NULL, NULL, NULL, 160, 100),
	(45146, 95, 132, NULL, NULL, NULL, 160, 100),
	(45147, 95, 132, NULL, NULL, NULL, 160, 100),
	(45148, 95, 132, NULL, NULL, NULL, 160, 100),
	(45149, 95, 132, NULL, NULL, NULL, 160, 100),
	(45150, 95, 132, NULL, NULL, NULL, 160, 100),
	(45151, 95, 132, NULL, NULL, NULL, 160, 100),
	(45152, 95, 132, NULL, NULL, NULL, 160, 100),
	(45153, 95, 132, NULL, NULL, NULL, 160, 100),
	(45154, 95, 132, NULL, NULL, NULL, 160, 100),
	(45155, 95, 132, NULL, NULL, NULL, 160, 100),
	(45156, 95, 132, NULL, NULL, NULL, 160, 100),
	(45157, 95, 132, NULL, NULL, NULL, 160, 100),
	(45158, 95, 132, NULL, NULL, NULL, 160, 100),
	(45159, 95, 132, NULL, NULL, NULL, 160, 100),
	(45160, 95, 132, NULL, NULL, NULL, 160, 100),
	(45161, 95, 133, NULL, NULL, NULL, 160, 100),
	(45162, 95, 133, NULL, NULL, NULL, 160, 100),
	(45163, 95, 133, NULL, NULL, NULL, 160, 100),
	(45164, 95, 133, NULL, NULL, NULL, 160, 100),
	(45165, 95, 133, NULL, NULL, NULL, 160, 100),
	(45166, 95, 133, NULL, NULL, NULL, 160, 100),
	(45167, 95, 133, NULL, NULL, NULL, 160, 100),
	(45168, 95, 133, NULL, NULL, NULL, 160, 100),
	(45169, 95, 133, NULL, NULL, NULL, 160, 100),
	(45170, 95, 133, NULL, NULL, NULL, 160, 100),
	(45171, 95, 133, NULL, NULL, NULL, 160, 100),
	(45172, 95, 133, NULL, NULL, NULL, 160, 100),
	(45173, 95, 133, NULL, NULL, NULL, 160, 100),
	(45174, 95, 133, NULL, NULL, NULL, 160, 100),
	(45175, 95, 133, NULL, NULL, NULL, 160, 100),
	(45176, 95, 133, NULL, NULL, NULL, 160, 100),
	(45177, 95, 133, NULL, NULL, NULL, 160, 100),
	(45178, 95, 133, NULL, NULL, NULL, 160, 100),
	(45179, 95, 133, NULL, NULL, NULL, 160, 100),
	(45180, 95, 133, NULL, NULL, NULL, 160, 100),
	(45181, 95, 133, NULL, NULL, NULL, 160, 100),
	(45182, 95, 133, NULL, NULL, NULL, 160, 100),
	(45183, 95, 133, NULL, NULL, NULL, 160, 100),
	(45184, 95, 133, NULL, NULL, NULL, 160, 100),
	(45185, 95, 133, NULL, NULL, NULL, 160, 100),
	(45186, 95, 133, NULL, NULL, NULL, 160, 100),
	(45187, 95, 133, NULL, NULL, NULL, 160, 100),
	(45188, 96, NULL, NULL, 65, NULL, 8.5, 100),
	(45189, 96, NULL, NULL, 65, NULL, 8.5, 100),
	(45190, 96, NULL, NULL, 66, NULL, 8.5, 100),
	(45191, 96, NULL, NULL, 66, NULL, 8.5, 100),
	(45192, 96, NULL, NULL, 65, NULL, 8.5, 100),
	(45193, 96, NULL, NULL, 65, NULL, 8.5, 100),
	(45194, 96, NULL, NULL, 66, NULL, 8.5, 100),
	(45195, 96, NULL, NULL, 66, NULL, 8.5, 100),
	(45196, 96, NULL, NULL, 65, NULL, 8.5, 100),
	(45197, 96, NULL, NULL, 65, NULL, 8.5, 100),
	(45198, 96, NULL, NULL, 66, NULL, 8.5, 100),
	(45199, 96, NULL, NULL, 66, NULL, 8.5, 100),
	(45200, 96, NULL, NULL, 65, NULL, 8.5, 100),
	(45201, 96, NULL, NULL, 65, NULL, 8.5, 100),
	(45202, 96, NULL, NULL, 66, NULL, 8.5, 100),
	(45203, 96, NULL, NULL, 66, NULL, 8.5, 100),
	(45204, 97, NULL, NULL, 67, NULL, 8.5, 100),
	(45205, 98, NULL, NULL, 68, NULL, 10, 100),
	(45206, 98, NULL, NULL, 68, NULL, 10, 100),
	(45207, 98, NULL, NULL, 69, NULL, 10, 100),
	(45208, 98, NULL, NULL, 69, NULL, 10, 100),
	(45209, 98, NULL, NULL, 68, NULL, 10, 100),
	(45210, 98, NULL, NULL, 68, NULL, 10, 100),
	(45211, 98, NULL, NULL, 69, NULL, 10, 100),
	(45212, 98, NULL, NULL, 69, NULL, 10, 100),
	(45213, 98, NULL, NULL, 68, NULL, 10, 100),
	(45214, 98, NULL, NULL, 68, NULL, 10, 100),
	(45215, 98, NULL, NULL, 69, NULL, 10, 100),
	(45216, 98, NULL, NULL, 69, NULL, 10, 100),
	(45217, 98, NULL, NULL, 68, NULL, 10, 100),
	(45218, 98, NULL, NULL, 68, NULL, 10, 100),
	(45219, 98, NULL, NULL, 69, NULL, 10, 100),
	(45220, 98, NULL, NULL, 69, NULL, 10, 100),
	(45221, 93, NULL, NULL, NULL, NULL, 3, 100),
	(45223, 99, NULL, NULL, 70, NULL, 270, 100),
	(45224, 100, NULL, NULL, 71, NULL, 270, 100),
	(45225, 101, NULL, 85, NULL, NULL, 8, 100),
	(45226, 101, NULL, 85, NULL, NULL, 8, 100),
	(45227, 101, NULL, 85, NULL, NULL, 8, 100),
	(45228, 101, NULL, 85, NULL, NULL, 8, 100),
	(45229, 101, NULL, 85, NULL, NULL, 8, 100),
	(45230, 101, NULL, 85, NULL, NULL, 8, 100),
	(45231, 101, NULL, 85, NULL, NULL, 8, 100),
	(45232, 101, NULL, 85, NULL, NULL, 8, 100),
	(45233, 101, NULL, 85, NULL, NULL, 8, 100),
	(45234, 101, NULL, 86, NULL, NULL, 8, 100),
	(45235, 101, NULL, 86, NULL, NULL, 8, 100),
	(45236, 101, NULL, 86, NULL, NULL, 8, 100),
	(45237, 101, NULL, 86, NULL, NULL, 8, 100),
	(45238, 101, NULL, 86, NULL, NULL, 8, 100),
	(45239, 101, NULL, 86, NULL, NULL, 8, 100),
	(45240, 101, NULL, 86, NULL, NULL, 8, 100),
	(45241, 101, NULL, 86, NULL, NULL, 8, 100),
	(45242, 101, NULL, 86, NULL, NULL, 8, 100),
	(45243, 101, NULL, 87, NULL, NULL, 8, 100),
	(45244, 101, NULL, 87, NULL, NULL, 8, 100),
	(45245, 101, NULL, 87, NULL, NULL, 8, 100),
	(45246, 101, NULL, 87, NULL, NULL, 8, 100),
	(45247, 101, NULL, 87, NULL, NULL, 8, 100),
	(45248, 101, NULL, 87, NULL, NULL, 8, 100),
	(45249, 101, NULL, 87, NULL, NULL, 8, 100),
	(45250, 101, NULL, 87, NULL, NULL, 8, 100),
	(45251, 101, NULL, 87, NULL, NULL, 8, 100),
	(45252, 101, NULL, 85, NULL, NULL, 8, 100),
	(45253, 101, NULL, 85, NULL, NULL, 8, 100),
	(45254, 101, NULL, 85, NULL, NULL, 8, 100),
	(45255, 101, NULL, 85, NULL, NULL, 8, 100),
	(45256, 101, NULL, 85, NULL, NULL, 8, 100),
	(45257, 101, NULL, 85, NULL, NULL, 8, 100),
	(45258, 101, NULL, 85, NULL, NULL, 8, 100),
	(45259, 101, NULL, 85, NULL, NULL, 8, 100),
	(45260, 101, NULL, 85, NULL, NULL, 8, 100),
	(45261, 101, NULL, 86, NULL, NULL, 8, 100),
	(45262, 101, NULL, 86, NULL, NULL, 8, 100),
	(45263, 101, NULL, 86, NULL, NULL, 8, 100),
	(45264, 101, NULL, 86, NULL, NULL, 8, 100),
	(45265, 101, NULL, 86, NULL, NULL, 8, 100),
	(45266, 101, NULL, 86, NULL, NULL, 8, 100),
	(45267, 101, NULL, 86, NULL, NULL, 8, 100),
	(45268, 101, NULL, 86, NULL, NULL, 8, 100),
	(45269, 101, NULL, 86, NULL, NULL, 8, 100),
	(45270, 101, NULL, 87, NULL, NULL, 8, 100),
	(45271, 101, NULL, 87, NULL, NULL, 8, 100),
	(45272, 101, NULL, 87, NULL, NULL, 8, 100),
	(45273, 101, NULL, 87, NULL, NULL, 8, 100),
	(45274, 101, NULL, 87, NULL, NULL, 8, 100),
	(45275, 101, NULL, 87, NULL, NULL, 8, 100),
	(45276, 101, NULL, 87, NULL, NULL, 8, 100),
	(45277, 101, NULL, 87, NULL, NULL, 8, 100),
	(45278, 101, NULL, 87, NULL, NULL, 8, 100),
	(45279, 101, NULL, 85, NULL, NULL, 8, 100),
	(45280, 101, NULL, 85, NULL, NULL, 8, 100),
	(45281, 101, NULL, 85, NULL, NULL, 8, 100),
	(45282, 101, NULL, 85, NULL, NULL, 8, 100),
	(45283, 101, NULL, 85, NULL, NULL, 8, 100),
	(45284, 101, NULL, 85, NULL, NULL, 8, 100),
	(45285, 101, NULL, 85, NULL, NULL, 8, 100),
	(45286, 101, NULL, 85, NULL, NULL, 8, 100),
	(45287, 101, NULL, 85, NULL, NULL, 8, 100),
	(45288, 101, NULL, 86, NULL, NULL, 8, 100),
	(45289, 101, NULL, 86, NULL, NULL, 8, 100),
	(45290, 101, NULL, 86, NULL, NULL, 8, 100),
	(45291, 101, NULL, 86, NULL, NULL, 8, 100),
	(45292, 101, NULL, 86, NULL, NULL, 8, 100),
	(45293, 101, NULL, 86, NULL, NULL, 8, 100),
	(45294, 101, NULL, 86, NULL, NULL, 8, 100),
	(45295, 101, NULL, 86, NULL, NULL, 8, 100),
	(45296, 101, NULL, 86, NULL, NULL, 8, 100),
	(45297, 101, NULL, 87, NULL, NULL, 8, 100),
	(45298, 101, NULL, 87, NULL, NULL, 8, 100),
	(45299, 101, NULL, 87, NULL, NULL, 8, 100),
	(45300, 101, NULL, 87, NULL, NULL, 8, 100),
	(45301, 101, NULL, 87, NULL, NULL, 8, 100),
	(45302, 101, NULL, 87, NULL, NULL, 8, 100),
	(45303, 101, NULL, 87, NULL, NULL, 8, 100),
	(45304, 101, NULL, 87, NULL, NULL, 8, 100),
	(45305, 101, NULL, 87, NULL, NULL, 8, 100);

-- Dumping structure for table fishing_tackle.products_types
CREATE TABLE IF NOT EXISTS `products_types` (
  `type_id` int NOT NULL,
  `product_id` int NOT NULL,
  PRIMARY KEY (`type_id`,`product_id`),
  KEY `FK_products_types_products` (`product_id`),
  CONSTRAINT `FK_products_types_products` FOREIGN KEY (`product_id`) REFERENCES `products` (`id`),
  CONSTRAINT `FK_products_types_types` FOREIGN KEY (`type_id`) REFERENCES `types` (`id`)
) ENGINE=InnoDB DEFAULT CHARSET=utf8mb4 COLLATE=utf8mb4_0900_ai_ci;

-- Dumping data for table fishing_tackle.products_types: ~35 rows (approximately)
DELETE FROM `products_types`;
INSERT INTO `products_types` (`type_id`, `product_id`) VALUES
	(8, 83),
	(8, 84),
	(8, 85),
	(8, 86),
	(8, 87),
	(11, 87),
	(7, 88),
	(7, 89),
	(7, 90),
	(7, 91),
	(9, 91),
	(10, 91),
	(9, 92),
	(9, 93),
	(10, 94),
	(11, 94),
	(10, 95),
	(11, 95),
	(10, 96),
	(11, 96),
	(10, 97),
	(11, 97),
	(10, 98),
	(11, 98),
	(10, 99),
	(11, 99),
	(10, 100),
	(11, 100),
	(10, 101),
	(12, 101),
	(11, 102),
	(11, 103),
	(11, 104),
	(12, 104),
	(12, 105);

-- Dumping structure for table fishing_tackle.sizes
CREATE TABLE IF NOT EXISTS `sizes` (
  `id` int NOT NULL AUTO_INCREMENT,
  `name` varchar(100) NOT NULL,
  PRIMARY KEY (`id`),
  UNIQUE KEY `name` (`name`)
) ENGINE=InnoDB AUTO_INCREMENT=8 DEFAULT CHARSET=utf8mb4 COLLATE=utf8mb4_0900_ai_ci;

-- Dumping data for table fishing_tackle.sizes: ~7 rows (approximately)
DELETE FROM `sizes`;
INSERT INTO `sizes` (`id`, `name`) VALUES
	(3, 'L'),
	(2, 'M'),
	(6, 'One size'),
	(1, 'S'),
	(7, 'Tan small'),
	(4, 'XL'),
	(5, 'XXL');

-- Dumping structure for table fishing_tackle.styles
CREATE TABLE IF NOT EXISTS `styles` (
  `id` int NOT NULL,
  `image` varchar(50) NOT NULL,
  `name` varchar(100) NOT NULL,
  PRIMARY KEY (`id`),
  UNIQUE KEY `image` (`image`),
  UNIQUE KEY `name` (`name`)
) ENGINE=InnoDB DEFAULT CHARSET=utf8mb4 COLLATE=utf8mb4_0900_ai_ci;

-- Dumping data for table fishing_tackle.styles: ~86 rows (approximately)
DELETE FROM `styles`;
INSERT INTO `styles` (`id`, `image`, `name`) VALUES
	(1, '16653915770.png', 'test2'),
	(2, '1664098514.png', 'test2423'),
	(3, '16641148523.png', 'S01'),
	(4, '16641148524.png', 'S02'),
	(5, '16641148525.png', 'S03'),
	(6, '16641148526.png', 'S04'),
	(7, '16641148527.png', 'S05'),
	(8, '16641166708.png', 'sdfg'),
	(9, '16641167279.png', 'afdsgsaf'),
	(10, '166411688210.png', 'asdfghjkl'),
	(11, '166411752711.png', 'test0001'),
	(12, '166411752712.png', 'test0002'),
	(13, '166414798413.png', 'fdsafwr11'),
	(14, '166414873414.png', 'fsawr234432'),
	(15, '166414917115.png', 'fagagw1'),
	(16, '166414917116.png', 'fagagw2'),
	(17, '166414917117.png', 'fagagw3'),
	(18, '166414917118.png', 'fagagw4'),
	(19, '166414917119.png', 'fagagw5'),
	(20, '166414970220.png', 'product3209'),
	(21, '166414970221.png', 'product32092'),
	(22, '166414970222.png', 'product32093'),
	(23, '166414970223.png', 'product32094'),
	(24, '166414970224.png', 'product32095'),
	(25, '166414993725.png', 'frt4wr2'),
	(26, '166414993726.png', 'frt4wr22'),
	(27, '166414993727.png', 'frt4wr23'),
	(28, '166414993728.png', 'frt4wr24'),
	(29, '166414993729.png', 'frt4wr25'),
	(30, '166415055630.png', 'fdsaf2r243'),
	(31, '166415055631.png', 'fdsaf2r2432'),
	(32, '166415070532.png', 'test010190'),
	(33, '166415070533.png', 'test0101902'),
	(34, '166415070634.png', 'test0101903'),
	(35, '166415070635.png', 'test0101904'),
	(36, '166415070636.png', 'test0101905'),
	(38, '16641583880.png', '34fdsfs'),
	(39, '16641583881.png', '34fdsfs543'),
	(40, '16641652350.png', 'huyviet2131'),
	(41, '16641838000.png', 'fdsa32rf2sa'),
	(42, '16641839210.png', 'fsda23342'),
	(43, '16641840700.png', 'fas243'),
	(44, '16641844600.png', 'fdsafwr32'),
	(45, '16641845290.png', 'fsdafsa2323432'),
	(46, '16642347750.png', 'fasfsda'),
	(47, '16642348340.png', 'fdsafdsa3213'),
	(48, '16642374430.png', 'ffe3424234'),
	(49, '16642375040.png', 'desfr6fdsf'),
	(50, '16642375830.png', 'fsda23421'),
	(51, '16642378210.png', 'fdsa423423fsda'),
	(52, '16642378760.png', 'fdsafa3422'),
	(53, '16642381420.png', 'fdsaf14'),
	(55, '16647568550.png', 'fsad32vdsa'),
	(56, '16647577170.png', 'fdas32421dsa1'),
	(57, '16647577171.png', 'fdas32421dsa2'),
	(58, '16647579090.png', 'fsah23432fdsa1'),
	(59, '16647579091.png', 'fsah23432fdsa2'),
	(60, '16647579092.png', 'fsah23432fdsa3'),
	(61, '16647579093.png', 'fsah23432fdsa4'),
	(62, '16647579104.png', 'fsah23432fdsa5'),
	(63, '16648929860.png', 'fdasfsda32442'),
	(64, '16649289140.png', 'noduplicate992'),
	(65, '16649301620.png', 'testcase1'),
	(66, '16649301621.png', 'testcase2'),
	(67, '16649301622.png', 'testcase3'),
	(68, '16649314090.png', 'abcxyz1'),
	(69, '16649314091.png', 'abcxyz2'),
	(70, '16649320240.png', 'updatetest1'),
	(71, '16649320241.png', 'updatetest2'),
	(72, '16649557640.png', 'styletest01'),
	(73, '16649557641.png', 'styletest02'),
	(74, '16649557642.png', 'styletest03'),
	(75, '16649557643.png', 'styletest04'),
	(76, '16649557644.png', 'styletest05'),
	(77, '16653772220.png', 'Trapper knife'),
	(78, '16653772221.png', 'Lockback knife'),
	(79, '16653772222.png', 'Sunfish knife'),
	(80, '16653790650.png', 'Lock-back + kit'),
	(81, '16654589181.png', 'Barlow + kit'),
	(82, '16654530110.png', 'Stag'),
	(83, '16654530111.png', 'Pointer and pheasant'),
	(84, '16654530112.png', 'Trout'),
	(85, '16654566030.png', 'Hunting journal No.1721'),
	(86, '16654566031.png', 'Fishing journal No.1731'),
	(87, '16654566032.png', 'Fly fish journal No.1732'),
	(88, '16654571000.png', 'Unliend pages');

-- Dumping structure for table fishing_tackle.sub_images
CREATE TABLE IF NOT EXISTS `sub_images` (
  `id` int NOT NULL AUTO_INCREMENT,
  `image` varchar(50) NOT NULL,
  `product_id` int NOT NULL,
  PRIMARY KEY (`id`),
  UNIQUE KEY `image` (`image`)
) ENGINE=InnoDB AUTO_INCREMENT=112 DEFAULT CHARSET=utf8mb4 COLLATE=utf8mb4_0900_ai_ci;

-- Dumping data for table fishing_tackle.sub_images: ~66 rows (approximately)
DELETE FROM `sub_images`;
INSERT INTO `sub_images` (`id`, `image`, `product_id`) VALUES
	(1, '16641594690.png', 43),
	(2, '16641594691.png', 43),
	(3, '16641594692.png', 43),
	(4, '16641594693.png', 43),
	(47, '16654587370.png', 83),
	(48, '16654587371.png', 83),
	(49, '16653772222.png', 83),
	(50, '16653772223.png', 83),
	(51, '16653772224.png', 83),
	(52, '16654588710.png', 84),
	(53, '16654589191.png', 84),
	(54, '16653790652.png', 84),
	(55, '16654589193.png', 84),
	(56, '16653790654.png', 84),
	(57, '16654591040.png', 85),
	(58, '16653871711.png', 85),
	(59, '16653871712.png', 85),
	(63, '16654591170.png', 86),
	(64, '16654528430.png', 86),
	(65, '16654591330.png', 87),
	(66, '16654530361.png', 87),
	(67, '16654530362.png', 87),
	(68, '16654543790.png', 88),
	(69, '16654543791.png', 88),
	(70, '16654543792.png', 88),
	(71, '16654546440.png', 89),
	(72, '16654546441.png', 89),
	(73, '16654546990.png', 90),
	(74, '16654546991.png', 90),
	(75, '16654547910.png', 91),
	(76, '16654548620.png', 92),
	(77, '16654548621.png', 92),
	(78, '16654549100.png', 93),
	(79, '16654551780.png', 94),
	(80, '16654551781.png', 94),
	(81, '16654591820.png', 95),
	(82, '16654553551.png', 95),
	(83, '16654591822.png', 95),
	(84, '16654592060.png', 96),
	(85, '16654592061.png', 96),
	(86, '16654555330.png', 96),
	(87, '16654555331.png', 96),
	(88, '16654592850.png', 97),
	(89, '16654556051.png', 97),
	(90, '16654593780.png', 98),
	(91, '16654557161.png', 98),
	(92, '16654557900.png', 99),
	(93, '16654558480.png', 100),
	(94, '16654558940.png', 99),
	(95, '16654559030.png', 100),
	(96, '16654566030.png', 101),
	(97, '16654566031.png', 101),
	(98, '16654566032.png', 101),
	(99, '16654567540.png', 102),
	(100, '16654567541.png', 102),
	(101, '16654568980.png', 103),
	(102, '16654568981.png', 103),
	(103, '16654570000.png', 104),
	(104, '16654570001.png', 104),
	(105, '16654571000.png', 105),
	(106, '16654571001.png', 105),
	(107, '16654571002.png', 105),
	(108, '16654572430.png', 106),
	(109, '16654573330.png', 107),
	(110, '16654573331.png', 107),
	(111, '16654573332.png', 107);

-- Dumping structure for table fishing_tackle.types
CREATE TABLE IF NOT EXISTS `types` (
  `id` int NOT NULL AUTO_INCREMENT,
  `name` varchar(100) NOT NULL,
  PRIMARY KEY (`id`),
  UNIQUE KEY `name` (`name`)
) ENGINE=InnoDB AUTO_INCREMENT=14 DEFAULT CHARSET=utf8mb4 COLLATE=utf8mb4_0900_ai_ci;

-- Dumping data for table fishing_tackle.types: ~6 rows (approximately)
DELETE FROM `types`;
INSERT INTO `types` (`id`, `name`) VALUES
	(7, 'Apparel'),
	(10, 'Camping'),
	(9, 'Civilian conservation corps'),
	(11, 'Fishing'),
	(8, 'Knife Kits'),
	(12, 'Writing');

/*!40103 SET TIME_ZONE=IFNULL(@OLD_TIME_ZONE, 'system') */;
/*!40101 SET SQL_MODE=IFNULL(@OLD_SQL_MODE, '') */;
/*!40014 SET FOREIGN_KEY_CHECKS=IFNULL(@OLD_FOREIGN_KEY_CHECKS, 1) */;
/*!40101 SET CHARACTER_SET_CLIENT=@OLD_CHARACTER_SET_CLIENT */;
/*!40111 SET SQL_NOTES=IFNULL(@OLD_SQL_NOTES, 1) */;
